teamID,varnum,Decision,Confidence,Similar,agrees_majority,actual_map_r
50GV,1,1,10,9,0,0.7191266401339713
9Q6R,1,1,10,10,0,0.7251981892764217
O21U,1,0,8,3,1,0.5092125023576719
U26C,1,0,8,6,1,0.7410488770556369
43FJ,1,0,3,5,1,0.555150374770163
C88N,1,0,7,4,1,0.697916677058023
4TQ6,1,0,7,8,1,-0.3832045163130908
T54A,1,1,5,5,0,0.6844412201900248
2T6S,1,1,8,7,0,0.6976188237328087
L7J7,1,1,10,10,0,0.744250495451051
0JO0,1,1,7,7,0,0.5708918106057822
X1Y5,1,0,6,4,1,0.6598616529514904
51PW,1,0,8,8,1,0.5722794130244974
6VV2,1,0,8,6,1,0.6448334979544253
O6R6,1,0,8,4,1,0.2808324025592107
C22U,1,1,8,9,0,0.6987635379281076
3PQ2,1,1,9,9,0,0.5672840945650756
UK24,1,0,4,5,1,-0.3696460292827948
4SZ2,1,0,7,7,1,0.1582345282813551
9T8E,1,0,5,4,1,-0.0365441827200659
94GU,1,0,8,8,1,0.5547853590779821
I52Y,1,0,8,5,1,0.7114648353005213
5G9K,1,0,7,7,1,
2T7P,1,0,8,5,1,0.6515770787680395
UI76,1,0,10,8,1,0.6619709896411339
B5I6,1,1,10,10,0,0.7360308128178754
V55J,1,1,4,3,0,0.5866538337575613
X19V,1,0,6,3,1,0.7007647283967264
0C7Q,1,0,7,9,1,0.7025283779799516
R5K7,1,1,6,5,0,0.4474117428755073
0I4U,1,0,4,5,1,0.6282627465575318
3C6G,1,1,6,7,0,0.7237574097419336
R9K3,1,1,5,7,0,0.7167222037873228
O03M,1,0,3,7,1,0.4496189369579934
08MQ,1,1,8,8,0,0.593423711365241
80GC,1,1,9,8,0,-0.2262167637115417
J7F9,1,0,9,8,1,0.7122067323733396
R7D1,1,1,4,8,0,0.6933758150298055
Q58J,1,0,9,9,1,-0.3044871427161688
L3V8,1,0,9,6,1,0.7283754686306158
SM54,1,0,5,5,1,0.4547292377708349
1KB2,1,0,6,6,1,0.5216359600464776
0H5E,1,0,4,6,1,0.6515770787680396
P5F3,1,1,3,2,0,-0.1835382380451976
Q6O0,1,0,7,6,1,0.7558752153781648
R42Q,1,0,5,5,1,0.2448676046450439
L9G5,1,1,5,7,0,0.0883235342533294
DC61,1,0,5,8,1,0.6660038739879262
E3B6,1,0,3,7,1,0.7339513864511313
16IN,1,1,8,9,0,
46CD,1,1,9,9,0,0.6844412201900248
6FH5,1,1,9,8,0,0.7425758303512735
K9P0,1,1,10,10,0,0.7090346383604849
9U7M,1,0,7,7,1,0.694479248676475
VG39,1,0,6,5,1,
1K0E,1,1,7,8,0,
X1Z4,1,1,8,9,0,
I9D6,1,0,7,6,1,0.5672840945650754
E6R3,1,0,5,3,1,0.6856365562728144
27SS,1,0,4,4,1,0.6813674030188116
B23O,1,0,6,5,1,0.4115938748256262
AO86,1,0,7,3,1,0.4612336939935846
L1A8,1,1,8,8,0,
IZ20,1,0,7,8,1,-0.2695358571852877
3TR7,1,0,2,3,1,0.7705645579223589
98BT,1,1,9,8,0,0.718116990696436
XU70,1,0,4,4,1,0.0584257811024767
0ED6,1,0,7,6,1,0.4145838891901672
I07H,1,0,3,3,1,0.1585327967927964
1P0Y,1,0,8,8,1,-0.1780098793383146
50GV,2,0,10,7,1,0.738637750016565
9Q6R,2,1,10,8,0,0.7188646323839926
O21U,2,0,8,5,1,0.7290639207681737
U26C,2,0,8,6,1,0.7440467988199517
43FJ,2,0,3,5,1,0.6595319688260997
C88N,2,0,8,7,1,0.6489360510107767
4TQ6,2,0,9,10,1,-0.0226338576534715
T54A,2,1,9,9,0,0.2720971200598253
2T6S,2,0,9,8,1,0.7468509754752553
L7J7,2,0,9,9,1,0.7500654323289829
0JO0,2,0,5,5,1,0.458975285281105
X1Y5,2,0,6,4,1,0.7270033222290521
51PW,2,0,8,8,1,0.5517260694152483
6VV2,2,0,8,9,1,0.6506405277325964
O6R6,2,1,8,4,0,0.2340132134856794
C22U,2,0,7,9,1,0.6595319688260998
3PQ2,2,0,8,5,1,0.5445613508919821
UK24,2,0,4,5,1,0.3705028263566642
4SZ2,2,1,5,5,0,0.3465640288656818
9T8E,2,0,5,4,1,0.6244599841253615
94GU,2,0,8,8,1,0.4979292991227407
I52Y,2,0,8,5,1,0.6924199768541008
5G9K,2,0,7,7,1,
2T7P,2,0,8,5,1,0.6564650748284993
UI76,2,1,6,5,0,0.6399308303712028
B5I6,2,1,10,8,0,0.73272290839491
V55J,2,0,5,4,1,0.6334492684447357
X19V,2,0,7,6,1,0.7072235498718875
0C7Q,2,0,7,8,1,0.7145764195612786
R5K7,2,0,8,7,1,0.4478026534944554
0I4U,2,0,7,7,1,0.6026843813672973
3C6G,2,0,7,7,1,0.7300932301731248
R9K3,2,1,3,4,0,0.7201831983472347
O03M,2,0,8,8,1,0.4116176421201981
08MQ,2,0,6,5,1,0.6516268554560634
80GC,2,1,9,8,0,0.2068354523235734
J7F9,2,0,8,7,1,0.7076759071089744
R7D1,2,0,7,7,1,0.6822780002313562
Q58J,2,0,9,9,1,0.343255468466599
L3V8,2,0,9,9,1,0.7154088297384094
SM54,2,0,9,5,1,0.5404983721842879
1KB2,2,0,6,6,1,0.611820324860836
0H5E,2,0,7,7,1,0.662650931810693
P5F3,2,0,5,5,1,0.4601684015069895
Q6O0,2,0,8,7,1,0.7664489092301111
R42Q,2,0,5,5,1,0.3521685837234846
L9G5,2,1,4,7,0,0.3050098343719286
DC61,2,1,1,5,0,0.6911375383733033
E3B6,2,1,7,7,0,0.2333856497523763
16IN,2,0,7,7,1,
46CD,2,0,8,8,1,0.6847154138702263
6FH5,2,0,2,8,1,0.7546013076234617
K9P0,2,0,10,7,1,0.6976647020355151
9U7M,2,1,9,9,0,0.6880751803327054
VG39,2,0,7,5,1,
1K0E,2,0,9,8,1,
X1Z4,2,1,6,8,0,
I9D6,2,0,7,6,1,0.566144618435482
E6R3,2,1,5,6,0,0.6675856491923807
27SS,2,0,6,5,1,0.633724170894333
B23O,2,0,6,5,1,0.3963401791172579
AO86,2,0,7,3,1,0.6343815882147239
L1A8,2,0,5,5,1,
IZ20,2,0,7,8,1,0.2395022065529726
3TR7,2,0,2,3,1,0.7641401421902086
98BT,2,1,7,6,0,0.7317130107798719
XU70,2,0,5,5,1,0.4254004227334022
0ED6,2,0,9,8,1,0.4294147003474124
I07H,2,0,3,3,1,0.4458793524537464
1P0Y,2,0,8,8,1,0.6263439071572166
50GV,3,1,10,7,0,
9Q6R,3,1,10,8,0,
O21U,3,0,8,3,1,
U26C,3,0,8,6,1,
43FJ,3,0,5,3,1,
C88N,3,0,7,5,1,
4TQ6,3,1,10,10,0,
T54A,3,0,2,7,1,
2T6S,3,1,6,3,0,
L7J7,3,0,9,9,1,
0JO0,3,0,5,5,1,
X1Y5,3,0,7,6,1,
51PW,3,0,8,8,1,
6VV2,3,0,8,7,1,
O6R6,3,0,8,4,1,
C22U,3,1,5,7,0,
3PQ2,3,0,7,6,1,
UK24,3,0,4,5,1,
4SZ2,3,0,6,6,1,
9T8E,3,0,5,4,1,
94GU,3,0,8,8,1,
I52Y,3,0,8,6,1,
5G9K,3,0,7,7,1,
2T7P,3,0,8,5,1,
UI76,3,0,10,8,1,
B5I6,3,0,5,5,1,
V55J,3,0,7,7,1,
X19V,3,0,8,6,1,
0C7Q,3,0,8,8,1,
R5K7,3,1,8,7,0,
0I4U,3,0,6,6,1,
3C6G,3,0,7,7,1,
R9K3,3,0,2,2,1,
O03M,3,0,8,7,1,
08MQ,3,1,8,8,0,
80GC,3,0,8,6,1,
J7F9,3,0,9,9,1,
R7D1,3,0,5,3,1,
Q58J,3,1,9,9,0,
L3V8,3,0,9,9,1,
SM54,3,0,5,5,1,
1KB2,3,0,8,8,1,
0H5E,3,0,7,7,1,
P5F3,3,1,7,6,0,
Q6O0,3,0,8,8,1,
R42Q,3,1,6,5,0,
L9G5,3,1,4,7,0,
DC61,3,0,5,8,1,
E3B6,3,0,6,6,1,
16IN,3,0,6,5,1,
46CD,3,1,5,4,0,
6FH5,3,0,8,8,1,
K9P0,3,0,10,7,1,
9U7M,3,0,9,9,1,
VG39,3,1,8,8,0,
1K0E,3,1,6,5,0,
X1Z4,3,0,4,7,1,
I9D6,3,0,7,5,1,
E6R3,3,0,7,3,1,
27SS,3,0,7,7,1,
B23O,3,0,7,6,1,
AO86,3,0,7,4,1,
L1A8,3,0,7,7,1,
IZ20,3,1,7,8,0,
3TR7,3,0,3,4,1,
98BT,3,0,7,6,1,
XU70,3,1,8,7,0,
0ED6,3,0,8,6,1,
I07H,3,0,3,3,1,
1P0Y,3,0,1,1,1,
50GV,4,1,10,8,0,
9Q6R,4,1,10,8,0,
O21U,4,1,8,7,0,
U26C,4,0,8,6,1,
43FJ,4,0,5,3,1,
C88N,4,0,4,3,1,
4TQ6,4,1,9,9,0,
T54A,4,1,6,6,0,
2T6S,4,0,6,3,1,
L7J7,4,1,5,6,0,
0JO0,4,0,5,5,1,
X1Y5,4,0,7,6,1,
51PW,4,1,8,8,0,
6VV2,4,0,6,5,1,
O6R6,4,0,8,4,1,
C22U,4,0,8,7,1,
3PQ2,4,0,7,5,1,
UK24,4,0,4,5,1,
4SZ2,4,1,6,5,0,
9T8E,4,0,5,4,1,
94GU,4,0,8,8,1,
I52Y,4,0,8,6,1,
5G9K,4,0,7,7,1,
2T7P,4,0,8,5,1,
UI76,4,0,10,8,1,
B5I6,4,0,5,5,1,
V55J,4,0,7,7,1,
X19V,4,0,5,3,1,
0C7Q,4,0,8,8,1,
R5K7,4,1,7,6,0,
0I4U,4,0,8,8,1,
3C6G,4,1,5,4,0,
R9K3,4,1,5,5,0,
O03M,4,0,2,7,1,
08MQ,4,0,6,5,1,
80GC,4,0,4,5,1,
J7F9,4,0,7,5,1,
R7D1,4,0,5,4,1,
Q58J,4,1,9,9,0,
L3V8,4,0,9,9,1,
SM54,4,0,8,5,1,
1KB2,4,0,8,8,1,
0H5E,4,1,6,5,0,
P5F3,4,1,7,9,0,
Q6O0,4,0,9,9,1,
R42Q,4,1,6,5,0,
L9G5,4,1,6,5,0,
DC61,4,1,2,5,0,
E3B6,4,0,6,6,1,
16IN,4,0,6,5,1,
46CD,4,0,8,7,1,
6FH5,4,0,8,8,1,
K9P0,4,0,5,5,1,
9U7M,4,1,9,9,0,
VG39,4,1,8,8,0,
1K0E,4,0,6,5,1,
X1Z4,4,0,4,7,1,
I9D6,4,0,7,5,1,
E6R3,4,1,3,6,0,
27SS,4,0,7,7,1,
B23O,4,0,7,6,1,
AO86,4,0,7,4,1,
L1A8,4,0,7,7,1,
IZ20,4,1,7,8,0,
3TR7,4,0,4,5,1,
98BT,4,1,8,7,0,
XU70,4,1,9,8,0,
0ED6,4,0,7,7,1,
I07H,4,0,3,3,1,
1P0Y,4,0,1,1,1,
50GV,5,1,10,9,1,0.7682593070546063
9Q6R,5,1,10,10,1,0.7586553509895302
O21U,5,1,8,7,1,0.7379594989717625
U26C,5,1,10,10,1,-0.785833076945663
43FJ,5,1,10,10,1,0.7418904480765073
C88N,5,1,9,9,1,0.7319447640601079
4TQ6,5,0,7,8,0,0.5722400502483793
T54A,5,1,9,9,1,0.5802930728020594
2T6S,5,1,10,10,1,0.5517156590664708
L7J7,5,1,8,8,1,0.77152406778237
0JO0,5,0,5,5,0,0.3716041605411042
X1Y5,5,1,8,8,1,0.6056175891058179
51PW,5,1,8,8,1,0.6249150776032723
6VV2,5,1,9,9,1,0.667781346792691
O6R6,5,0,8,4,0,0.1305756010796217
C22U,5,1,9,10,1,0.7266339696547848
3PQ2,5,1,7,7,1,0.582589628037555
UK24,5,0,4,4,0,-0.3129948368362159
4SZ2,5,1,9,9,1,0.5311796148490083
9T8E,5,0,5,4,0,-0.064959182826707
94GU,5,1,8,8,1,0.6275743352942307
I52Y,5,1,8,8,1,0.736864829130426
5G9K,5,0,7,7,0,
2T7P,5,0,8,5,0,0.5228619722219369
UI76,5,1,10,8,1,0.4858582982190945
B5I6,5,1,10,10,1,0.7571288883355658
V55J,5,1,4,3,1,0.7452517128580045
X19V,5,1,9,10,1,0.7471691590716484
0C7Q,5,1,8,8,1,0.736791072236174
R5K7,5,1,9,8,1,0.511261098871115
0I4U,5,1,9,8,1,0.673800422394779
3C6G,5,1,8,8,1,0.7596403247198692
R9K3,5,1,8,8,1,0.7384514645687579
O03M,5,1,8,8,1,0.4823577930463121
08MQ,5,1,7,8,1,0.7576421819510999
80GC,5,1,3,3,1,0.4445321225577682
J7F9,5,1,9,9,1,0.741527461248751
R7D1,5,1,9,9,1,0.7250161537004955
Q58J,5,1,9,7,1,0.6327197568559085
L3V8,5,1,9,9,1,0.7640369389994558
SM54,5,1,8,7,1,0.631742204540711
1KB2,5,0,5,5,0,0.7434496792612432
0H5E,5,1,8,8,1,0.7147493708435384
P5F3,5,1,4,5,1,0.7103910163827221
Q6O0,5,1,9,9,1,0.7717657064288276
R42Q,5,1,6,6,1,0.6901568487658958
L9G5,5,0,10,9,0,0.2881353358035113
DC61,5,1,9,8,1,0.2886006886415715
E3B6,5,1,8,7,1,0.7713067594355811
16IN,5,1,8,9,1,
46CD,5,1,9,9,1,0.7186452681025456
6FH5,5,1,10,9,1,0.7623581812860053
K9P0,5,1,10,10,1,0.7318172476556589
9U7M,5,1,9,9,1,0.7572675868022412
VG39,5,1,10,9,1,
1K0E,5,1,8,8,1,
X1Z4,5,1,9,9,1,
I9D6,5,0,1,2,0,0.4179776046410457
E6R3,5,1,4,6,1,0.7090184942681391
27SS,5,0,7,5,0,0.5607843999771133
B23O,5,1,8,7,1,0.4866561769323559
AO86,5,1,7,3,1,0.3642733062577429
L1A8,5,1,8,8,1,
IZ20,5,1,7,8,1,0.5592815743734453
3TR7,5,1,8,9,1,0.7748611891561529
98BT,5,1,9,9,1,0.767662393607457
XU70,5,1,9,8,1,0.6988378711067664
0ED6,5,1,8,9,1,0.4768038095906182
I07H,5,1,9,9,1,-0.4580200690576083
1P0Y,5,1,8,8,1,0.6497813338654284
50GV,6,1,10,8,0,0.4727251964702382
9Q6R,6,0,10,8,1,0.4451439307239506
O21U,6,1,8,7,0,0.4680787489713495
U26C,6,0,8,6,1,-0.5085056909541004
43FJ,6,1,10,10,0,0.308086366380903
C88N,6,0,7,7,1,0.4492974230456513
4TQ6,6,0,8,9,1,0.2156991105938115
T54A,6,1,9,9,0,-0.0321091344003541
2T6S,6,1,9,9,0,-0.4510361954835531
L7J7,6,0,8,7,1,0.5006770479008817
0JO0,6,0,5,5,1,0.2952257786775305
X1Y5,6,0,6,4,1,0.4457945749422298
51PW,6,0,8,8,1,0.2926439634226004
6VV2,6,0,7,4,1,0.3491824537363348
O6R6,6,0,8,4,1,0.1803416377330813
C22U,6,1,8,9,0,0.4454515120313673
3PQ2,6,0,8,5,1,0.3686475216621435
UK24,6,0,4,4,1,-0.1603807834109129
4SZ2,6,1,9,9,0,0.2327989765471946
9T8E,6,0,5,4,1,0.236355863651408
94GU,6,0,8,8,1,0.3063878007700927
I52Y,6,0,8,5,1,0.442559110924934
5G9K,6,0,7,7,1,
2T7P,6,0,8,5,1,0.3410050840471879
UI76,6,1,6,5,0,0.3716708831484656
B5I6,6,0,6,6,1,0.4727527422973575
V55J,6,0,7,7,1,0.3455713404637594
X19V,6,0,6,3,1,0.4280282768524252
0C7Q,6,0,7,8,1,0.4217825003177083
R5K7,6,0,7,6,1,0.1879557504971068
0I4U,6,0,9,6,1,0.3241778556623288
3C6G,6,0,8,8,1,0.4574741775601234
R9K3,6,1,5,5,0,0.4605145076167991
O03M,6,0,7,8,1,0.21149196760701
08MQ,6,0,7,6,1,0.4195998068229201
80GC,6,1,9,8,0,0.1146768939757669
J7F9,6,0,7,5,1,0.4903955886572741
R7D1,6,0,5,4,1,0.4267826364734245
Q58J,6,1,9,7,0,0.2299677317219131
L3V8,6,1,9,9,0,0.4020210500525539
SM54,6,0,6,5,1,0.279646045871867
1KB2,6,0,5,5,1,0.305947664326924
0H5E,6,0,5,6,1,0.3677922188234078
P5F3,6,1,4,5,0,0.2452093289188851
Q6O0,6,0,8,8,1,0.5149997882150089
R42Q,6,1,6,6,0,0.168303257230668
L9G5,6,0,10,9,1,0.0875946221267227
DC61,6,0,5,8,1,0.212447321662438
E3B6,6,1,8,7,0,0.1461202407773222
16IN,6,0,7,7,1,
46CD,6,0,8,9,1,0.4107768151476134
6FH5,6,0,8,7,1,0.4717726688232115
K9P0,6,0,8,5,1,0.4491175235169773
9U7M,6,0,7,7,1,0.3911565055426081
VG39,6,0,7,6,1,
1K0E,6,1,7,5,0,
X1Z4,6,0,5,9,1,
I9D6,6,0,7,5,1,0.250250270037412
E6R3,6,1,4,6,0,0.4183254953532794
27SS,6,1,7,6,0,0.3390163748302233
B23O,6,0,7,6,1,0.2151401883327888
AO86,6,0,7,3,1,0.2376754174004382
L1A8,6,1,8,8,0,
IZ20,6,1,7,8,0,0.2320878871929601
3TR7,6,0,5,6,1,0.4815810681621664
98BT,6,0,7,5,1,0.4476251417703185
XU70,6,1,9,7,0,0.2832047000100335
0ED6,6,0,8,7,1,0.1657363129111794
I07H,6,1,9,9,0,-0.259576157815286
1P0Y,6,1,8,8,0,0.1787176475185965
50GV,7,0,10,7,1,0.7722151862964777
9Q6R,7,0,8,8,1,0.7577169372053546
O21U,7,0,8,5,1,0.7496175870032415
U26C,7,0,8,6,1,0.790598844260974
43FJ,7,0,10,6,1,0.741076643759512
C88N,7,0,8,8,1,0.7386778251016073
4TQ6,7,0,10,9,1,0.5782322616434091
T54A,7,0,5,5,1,0.5602626260507466
2T6S,7,0,7,7,1,-0.5492996130143435
L7J7,7,0,8,8,1,0.7771531053673355
0JO0,7,0,5,5,1,0.3735038326529083
X1Y5,7,0,8,8,1,0.6049765998895118
51PW,7,0,6,5,1,0.6271399442115101
6VV2,7,0,8,8,1,0.6784723582105611
O6R6,7,0,8,4,1,-0.0892217361399616
C22U,7,0,8,7,1,0.7306380910214123
3PQ2,7,0,8,7,1,0.5880788173676763
UK24,7,0,4,5,1,0.3225242185518037
4SZ2,7,1,7,7,0,0.5362514203813169
9T8E,7,0,5,4,1,-0.0565408936667718
94GU,7,0,8,8,1,0.653441935818772
I52Y,7,0,8,8,1,0.7414180235286653
5G9K,7,0,7,7,1,
2T7P,7,0,8,5,1,0.5215484076665741
UI76,7,0,10,8,1,0.4819569692028501
B5I6,7,0,8,8,1,0.7729545262106038
V55J,7,0,5,3,1,0.7703736296028045
X19V,7,0,9,10,1,0.7511178547281033
0C7Q,7,0,10,10,1,0.7418007676677344
R5K7,7,0,8,7,1,0.5058951214492462
0I4U,7,0,9,9,1,0.6795296644446683
3C6G,7,0,8,8,1,0.7738233714494972
R9K3,7,0,3,4,1,0.7488709758594667
O03M,7,0,7,8,1,0.4878669956637639
08MQ,7,0,7,6,1,0.7686042686755558
80GC,7,0,6,5,1,0.4547680367489329
J7F9,7,0,9,9,1,0.7486880708457653
R7D1,7,0,8,8,1,0.7406976495113848
Q58J,7,1,9,8,0,0.6298065367038368
L3V8,7,0,9,9,1,0.7750366323226121
SM54,7,0,8,5,1,0.6420840364254038
1KB2,7,0,8,8,1,0.7507161610123174
0H5E,7,0,8,5,1,0.7143425641255186
P5F3,7,0,6,6,1,0.712183988888263
Q6O0,7,0,8,7,1,0.7721354480783308
R42Q,7,0,7,7,1,0.068738945498963
L9G5,7,0,9,8,1,0.2969335505815427
DC61,7,0,5,8,1,-0.2538221570810405
E3B6,7,0,7,6,1,0.773585314892017
16IN,7,0,8,8,1,
46CD,7,0,9,8,1,0.7277223833943874
6FH5,7,0,8,7,1,0.7648609372398295
K9P0,7,0,9,9,1,0.7479674187879329
9U7M,7,0,9,9,1,0.7565198592465312
VG39,7,0,9,7,1,
1K0E,7,0,7,5,1,
X1Z4,7,0,4,7,1,
I9D6,7,0,7,5,1,0.4103945405233134
E6R3,7,0,7,5,1,0.7335652068477472
27SS,7,0,6,8,1,0.5576723163709786
B23O,7,0,6,5,1,0.496528299886433
AO86,7,0,7,5,1,-0.3667970405317103
L1A8,7,1,3,3,0,
IZ20,7,1,7,6,0,0.5598764195949159
3TR7,7,0,8,9,1,0.7758404665964826
98BT,7,0,8,8,1,0.7735590736688148
XU70,7,0,6,5,1,0.6986255775040219
0ED6,7,0,9,8,1,0.4725844263435985
I07H,7,0,9,9,1,0.539987794892495
1P0Y,7,0,5,5,1,0.6653095792490337
50GV,8,0,10,8,1,0.5074649158454579
9Q6R,8,0,8,6,1,0.4691170955016883
O21U,8,0,8,5,1,0.5228549458110906
U26C,8,0,8,6,1,0.5159342559721721
43FJ,8,0,10,6,1,0.3132705281842356
C88N,8,0,8,7,1,0.4674725339851023
4TQ6,8,0,10,9,1,0.2306785306853148
T54A,8,0,5,5,1,-0.0487344630313002
2T6S,8,0,8,8,1,0.4783160242315122
L7J7,8,0,9,8,1,0.5129683657578384
0JO0,8,0,5,5,1,0.3127340423390802
X1Y5,8,0,8,8,1,0.4664390018348056
51PW,8,0,6,5,1,0.3019976422409676
6VV2,8,0,7,7,1,0.3930331475961507
O6R6,8,0,8,4,1,0.0715781419329526
C22U,8,0,8,7,1,0.4563803919869457
3PQ2,8,0,8,7,1,0.3737526479908862
UK24,8,0,4,4,1,0.1630602641720153
4SZ2,8,1,8,7,0,0.2368609450149458
9T8E,8,0,5,4,1,0.2549672430793053
94GU,8,0,8,8,1,0.3093740851223192
I52Y,8,0,8,8,1,0.4881706095969124
5G9K,8,0,7,7,1,
2T7P,8,0,8,5,1,0.3832894261970379
UI76,8,0,10,8,1,0.3990537467651884
B5I6,8,0,7,7,1,0.49420265854675
V55J,8,0,7,7,1,0.364570892655817
X19V,8,0,9,10,1,0.4855674264788367
0C7Q,8,0,10,10,1,0.4477347553564964
R5K7,8,0,8,7,1,0.1938584045081713
0I4U,8,0,9,9,1,0.3419000982495676
3C6G,8,0,8,8,1,0.4789193307698948
R9K3,8,0,4,6,1,0.4972566531644574
O03M,8,0,7,8,1,0.2279781800598184
08MQ,8,0,7,6,1,0.4371028141944402
80GC,8,0,5,4,1,0.1290684455269098
J7F9,8,0,9,9,1,0.5317566553571746
R7D1,8,0,9,8,1,0.4402293892357082
Q58J,8,1,9,8,0,0.2362654285378206
L3V8,8,0,9,9,1,0.4370351334309714
SM54,8,0,8,5,1,0.3004963235114155
1KB2,8,0,8,8,1,0.3195580204972128
0H5E,8,0,7,6,1,0.3744169053623021
P5F3,8,0,6,6,1,0.2574010348218662
Q6O0,8,0,6,7,1,0.5544686451783037
R42Q,8,1,8,7,0,-0.1620904481242982
L9G5,8,0,9,9,1,0.0936472373791564
DC61,8,0,5,8,1,-0.2084540295778094
E3B6,8,0,7,6,1,0.1429666703609655
16IN,8,0,6,5,1,
46CD,8,0,9,8,1,0.4291263420044939
6FH5,8,0,9,7,1,0.5047385127134548
K9P0,8,0,9,9,1,0.4582129463209512
9U7M,8,0,7,7,1,0.4282510176157507
VG39,8,0,6,5,1,
1K0E,8,1,6,5,0,
X1Z4,8,0,4,7,1,
I9D6,8,0,6,4,1,0.2575184010366002
E6R3,8,0,7,5,1,0.4463139344935085
27SS,8,0,8,8,1,0.3584398612767557
B23O,8,0,6,5,1,0.2362514415043248
AO86,8,0,7,5,1,-0.2439091903646465
L1A8,8,0,8,8,1,
IZ20,8,0,6,6,1,0.263337203626219
3TR7,8,0,6,7,1,0.5160818903393141
98BT,8,0,8,8,1,0.4821926101200064
XU70,8,0,8,6,1,0.2867249109928346
0ED6,8,0,9,8,1,0.1822630622061193
I07H,8,0,9,9,1,0.2063028669206934
1P0Y,8,0,5,5,1,0.1855825019582373
50GV,9,0,10,8,1,0.6417590281864277
9Q6R,9,0,8,6,1,0.6448304053310077
O21U,9,0,8,5,1,0.5690545787591754
U26C,9,0,9,8,1,0.6446504343616914
43FJ,9,0,10,2,1,-0.4702691640060529
C88N,9,0,6,5,1,0.5850630919224529
4TQ6,9,0,9,8,1,0.5972548747302386
T54A,9,0,5,5,1,0.1368057157253752
2T6S,9,0,10,8,1,0.5474215836099049
L7J7,9,0,8,9,1,-0.6708795413567351
0JO0,9,0,5,5,1,-0.5437371434867708
X1Y5,9,0,8,8,1,0.5679825408233413
51PW,9,0,7,6,1,0.4970256598151364
6VV2,9,0,6,5,1,0.5372467979616007
O6R6,9,0,8,5,1,-0.0765721426855593
C22U,9,0,8,9,1,0.5863045329767216
3PQ2,9,0,7,5,1,0.4316663544070777
UK24,9,0,4,4,1,-0.0156178491109667
4SZ2,9,1,7,5,0,0.5381584963956633
9T8E,9,0,4,4,1,-0.0177321881965403
94GU,9,0,8,8,1,0.3994814566660225
I52Y,9,0,8,8,1,0.5801788158204508
5G9K,9,0,7,7,1,
2T7P,9,0,8,5,1,0.4729916551001123
UI76,9,0,5,4,1,0.4152307326896959
B5I6,9,0,6,6,1,0.6327704682968848
V55J,9,0,7,7,1,0.5451406647760163
X19V,9,0,9,10,1,0.6034543361790327
0C7Q,9,0,9,8,1,0.5727623573493164
R5K7,9,0,7,6,1,0.3478205502308165
0I4U,9,0,9,8,1,0.5030060056061807
3C6G,9,0,8,7,1,0.5913547412258852
R9K3,9,0,5,6,1,0.5863829044205024
O03M,9,0,7,8,1,0.3879783680057457
08MQ,9,0,6,5,1,0.5408018606368961
80GC,9,0,4,3,1,0.0724322575205442
J7F9,9,0,9,9,1,0.5891770860203224
R7D1,9,0,8,7,1,0.5964837530427668
Q58J,9,0,9,7,1,0.2988920326299603
L3V8,9,0,9,9,1,0.5984290118389528
SM54,9,0,8,5,1,-0.5285153122174603
1KB2,9,0,7,8,1,0.4951319348509579
0H5E,9,0,1,2,1,0.5537902237772971
P5F3,9,0,7,7,1,-0.4707274128315022
Q6O0,9,0,7,6,1,0.6059661418762452
R42Q,9,1,8,8,0,0.5695552852085931
L9G5,9,0,7,8,1,0.3520398230305023
DC61,9,0,5,8,1,0.5499407197425129
E3B6,9,0,7,6,1,-0.1222755165376093
16IN,9,0,6,4,1,
46CD,9,0,5,8,1,-0.572695829780221
6FH5,9,0,9,6,1,0.6009458853148667
K9P0,9,0,10,9,1,-0.5369903951738907
9U7M,9,0,7,7,1,0.5802952138081903
VG39,9,0,5,4,1,
1K0E,9,1,9,8,0,
X1Z4,9,0,4,7,1,
I9D6,9,0,7,6,1,0.3402465377619204
E6R3,9,0,7,5,1,0.1935005659144683
27SS,9,0,4,4,1,-0.4036427931400619
B23O,9,0,8,7,1,0.4194891849895135
AO86,9,0,7,5,1,0.192368731474262
L1A8,9,1,3,3,0,
IZ20,9,0,6,6,1,0.2062688602164294
3TR7,9,0,5,6,1,0.6154347690092109
98BT,9,0,8,8,1,0.0004724749457891
XU70,9,0,8,7,1,0.4782448053344903
0ED6,9,0,6,5,1,0.3146412967426095
I07H,9,0,9,9,1,0.2983183666228169
1P0Y,9,0,5,5,1,0.0614621097687442
