study;year;scale;weeks;baseline;k_ad_arms;drugs;cls;all_n;all_sd;all_m;pooled_sd;pooled_m;placebo_n;placebo_sd;placebo_m
CL3-20098-026;2001.0;HAMD17;6.0;23.4;1;agomelatine;atypical;105.0;8.1;10.6;8.1;10.6;105.0;7.3;9.6
CL3-20098-070;2011.0;HAMD17;8.0;26.8;1;agomelatine;atypical;148.0;8.3;13.4;8.3;13.4;70.0;7.8;10.7
Carman1991;1991.0;HAMD17;6.0;27.6;1;amitriptyline;tricyclic;48.0;7.76;13.5;7.76;13.5;48.0;7.76;7.5
Katz1993a;1993.0;HAMD17;4.0;24.3;1;amitriptyline;tricyclic;95.0;7.76;12.9;7.76;12.9;94.0;7.76;8.7
Katz1993b;1993.0;HAMD17;4.0;23.6;1;amitriptyline;tricyclic;93.0;7.76;13.7;7.76;13.7;104.0;7.76;8.0
Reimherr1998 (WELL203, FDA203);1998.0;HAMD17;8.0;23.41;1;bupropion;atypical;113.0;8.07;10.18;8.07;10.18;117.0;8.14;8.06
Settle1999 (WELL212);1999.0;HAMD21;8.0;24.4;1;bupropion;atypical;144.0;8.19;11.11;8.19;11.11;148.0;8.01;9.78
Coleman1999 (AK1A4002);1999.0;HAMD31;8.0;34.8;2;bupropion|sertraline;SSRI|atypical;227.0;14.91;20.25;14.910881766769215;20.279735682819382;117.0;15.14;17.2
Croft1999 (AK1A4001);1999.0;HAMD29;8.0;33.1;2;bupropion|sertraline;SSRI|atypical;232.0;12.92;18.1;12.898235054939398;18.099999999999998;116.0;12.92;13.9
Coleman2001 (AK1A4007);2001.0;HAMD21;8.0;24.5;2;bupropion|fluoxetine;SSRI|atypical;282.0;9.5;12.75;9.490788962827185;12.75177304964539;145.0;9.63;11.4
Clayton2006b (WELL AK130927);2006.0;HAMD17;8.0;23.8;2;bupropion|escitalopram;SSRI|atypical;267.0;7.505000000000001;13.7;7.526643068357912;13.69812734082397;130.0;7.98;12.1
Clayton2006a (WELL AK130926);2006.0;HAMD17;8.0;;2;bupropion|escitalopram;SSRI|atypical;262.0;8.01;13.0;7.9964135134338505;12.998473282442747;126.0;7.86;11.9
Jefferson2006;2006.0;IDS-IVR-30;8.0;45.9;1;bupropion;atypical;133.0;16.15;21.3;16.15;21.3;137.0;16.39;17.6
Hewett2009 (WXL101497);2009.0;MADRS;8.0;30.4;2;bupropion|venlafaxine;SNRI|atypical;372.0;9.14;16.55;9.144340324255221;16.547043010752688;197.0;9.12;13.5
Hewett2010a (AK130940) (NCT00093288);2010.0;MADRS;10.0;29.5;1;bupropion;atypical;210.0;9.56430865248503;13.9;9.56430865248503;13.9;204.0;9.712342662818278;12.4
Hewett2010b (AK130939);2010.0;MADRS;8.0;30.1;1;venlafaxine;SNRI;193.0;10.56;17.0;10.56;17.0;186.0;10.64;13.2
Study 205 (FDA) (WELL 205);;HAMD17;8.0;23.2;3;bupropion|bupropion|bupropion;atypical;336.0;7.882163983742754;9.3;7.877556972329091;9.30267857142857;116.0;7.882163983742754;8.3
WELL AK1A4006;;HAMD21;8.0;25.3;2;bupropion|fluoxetine;SSRI|atypical;297.0;10.35;12.95;10.380440942566779;12.934006734006735;148.0;9.73;12.2
Koshino2013 (NCT01138007);2013.0;MADRS;8.0;32.1;1;bupropion;atypical;188.0;10.420594992609587;12.9;10.420594992609587;12.900000000000002;186.0;10.501399906679108;13.9
Study 89306 (FDA);;MADRS;6.0;32.7;2;citalopram|citalopram;SSRI;185.0;13.218490757016884;16.990000000000002;13.235423476159534;16.943783783783783;88.0;13.218490757016884;15.95
Montgomery1992 (Study 89303 FDA);;HAMD17;6.0;24.29;2;citalopram|citalopram;SSRI;129.0;8.788041151061048;12.41;8.803448290701683;12.361162790697676;64.0;7.76;10.56
Feighner1999 (Study 91206 FDA);1999.0;HAMD21;6.0;24.24;3;citalopram|citalopram|citalopram;SSRI;358.0;7.461195846542456;11.403333333333334;7.517118707829236;11.352569832402235;124.0;7.461195846542456;9.31
Mendels1999 (Study 85A - FDA);1999.0;HAMD24;4.0;33.52;1;citalopram;SSRI;78.0;9.837218170405182;12.9;9.837218170405182;12.9;82.0;9.84;9.58
Stahl2000;2000.0;HAMD21;8.0;26.5;2;citalopram|sertraline;SSRI;209.0;6.1;12.55;6.144666772729314;12.537799043062199;107.0;6.1;10.2
Roose2004 (CIT-MD-03);2004.0;HAMD24;8.0;24.4;1;citalopram;SSRI;84.0;8.25;10.0;8.25;10.0;90.0;7.59;9.2
Liebowitz2008 (Study 332, NCT00277823);2008.0;HAMD17;8.0;23.37;2;desvenlafaxine|desvenlafaxine;SNRI;297.0;7.125;11.2;7.119088888126878;11.203030303030303;150.0;7.1;9.53
Boyer2008 (Study 333, NCT00300378)(EUCTR2005-005463-28, 3151A1-333-EU);2008.0;HAMD17;8.0;24.26;2;desvenlafaxine|desvenlafaxine;SNRI;322.0;7.548784827078341;13.405000000000001;7.541141682723579;13.400434782608697;161.0;7.613146524269712;10.78
Lieberman2008a (Study 309)(EUCTR2004-000562-13, 3151A1-309-EU, NCT00090649);2008.0;HAMD17;8.0;25.8;1;venlafaxine;SNRI;127.0;7.78;13.8;7.78;13.8;120.0;7.78;12.5
Lieberman2008b (Study 317);2008.0;HAMD17;8.0;25.1;1;venlafaxine;SNRI;115.0;8.15;12.6;8.15;12.6;125.0;8.16;9.78
Tourian2009 (NCT00384033);2009.0;HAMD17;8.0;23.0;3;desvenlafaxine|desvenlafaxine|duloxetine;SNRI;455.0;7.760000000000001;10.200000000000001;7.748397625302335;10.203296703296703;160.0;7.76;8.7
Dunlop2011 (NCT00824291);2011.0;HAMD17;12.0;22.0;1;desvenlafaxine;SNRI;285.0;7.6;12.61;7.6;12.61;142.0;7.1;10.5
Clayton2013 (NCT01121484);2013.0;HAMD17;8.0;22.8;1;desvenlafaxine;SNRI;216.0;7.76;9.9;7.76;9.9;216.0;7.76;8.1
Clayton2015;2015.0;HAMD17;8.0;23.4;2;desvenlafaxine|desvenlafaxine;SNRI;592.0;6.700202755736478;11.475;6.6968988424761875;11.478293918918919;294.0;6.86285654811464;9.71
DeMartinis2007 (Study 306, NCT00072774);2007.0;HAMD17;8.0;23.2;1;desvenlafaxine;SNRI;114.0;7.04;10.5;7.04;10.5;118.0;6.84;7.7
Goldstein2002 (HMAQ - Study Group A);2002.0;HAMD17;8.0;18.47;2;duloxetine|fluoxetine;SNRI|SSRI;101.0;6.865;8.74;6.885379545467955;9.083069306930692;66.0;6.74;6.61
Study F1J-MC-HMAQ - Study Group B (starting page in the pdf document: 147);;HAMD17;8.0;17.88;2;duloxetine|fluoxetine;SNRI|SSRI;118.0;6.872588454921476;7.8149999999999995;6.79997927847905;7.8839830508474575;72.0;6.9579307268756265;7.1
Goldstein2004a (HMAT - Study Group A, ID#4091);2004.0;HAMD17;8.0;17.47;3;duloxetine|duloxetine|paroxetine;SNRI|SSRI;258.0;6.395645991124925;6.63;6.397745420213175;6.632209302325582;89.0;6.415107169798491;4.78
Goldstein2004b (HMAT  - Study Group B, ID#4091);2004.0;HAMD17;8.0;18.63;3;duloxetine|duloxetine|paroxetine;SNRI|SSRI;254.0;7.453058744336147;7.416666666666667;7.488826739929315;7.426062992125983;88.0;7.598473530913957;4.99
Detke2002a (HMBH -  Study Group A);2002.0;HAMD17;8.0;21.5;1;duloxetine;SNRI;121.0;7.699999999999999;10.91;7.699999999999999;10.910000000000002;115.0;7.3994256533868885;6.05
Detke2002b (HMBH - Study Group B);2002.0;HAMD17;8.0;20.28;1;duloxetine;SNRI;123.0;7.874280919550686;10.46;7.874280919550686;10.46;136.0;7.813475539092703;8.29
Detke2004 (HMAY Study Group A);2004.0;HAMD17;8.0;19.88;3;duloxetine|duloxetine|paroxetine;SNRI|SSRI;271.0;5.508496180635899;10.703333333333333;5.499159954484143;10.69959409594096;93.0;5.496880933765984;8.07
Raskin2007 (HMBV) (NCT00062673);2007.0;HAMD17;8.0;18.76;1;duloxetine;SNRI;201.0;6.805174501803756;6.49;6.805174501803756;6.49;102.0;6.362688111168109;3.72
Nierenberg2007 (F1J-MC-HMCR, NCT00073411, Pigott2007);2007.0;HAMD17;8.0;17.8;2;duloxetine|escitalopram;SNRI|SSRI;547.0;6.78;7.415;6.77819170530958;7.414643510054845;137.0;6.79;5.97
Perahia2006 (HMAY - Study Group B);2006.0;HAMD17;8.0;21.3;3;duloxetine|duloxetine|paroxetine;SNRI|SSRI;292.0;5.652273063375575;11.103333333333333;5.647243911321314;11.113116438356164;99.0;5.571929647797072;10.13
Higuchi2009;2009.0;HAMD17;6.0;20.6;3;duloxetine|duloxetine|paroxetine;SNRI|SSRI;295.0;6.333333333333333;9.966666666666667;6.491828414105852;9.822711864406779;145.0;5.8;8.3
Cutler2009;2009.0;HAMD17;6.0;25.2;1;duloxetine;SNRI;141.0;9.17;12.37;9.17;12.37;152.0;9.17;10.26
NCT01145755;;MADRS;6.0;;1;duloxetine;SNRI;45.0;13.215161747023757;14.03;13.215161747023757;14.030000000000001;40.0;13.6610394919274;14.16
Burke2002 (SCT-MD-01);2002.0;HAMDunspecified;8.0;24.3;3;citalopram|escitalopram|escitalopram;SSRI;366.0;8.843333333333334;10.6;8.934266375106123;10.601639344262294;119.0;8.73;7.6
Gorman2002 (SCT-MD-02);2002.0;HAMDunspecified;8.0;24.8;2;citalopram|escitalopram;SSRI;243.0;8.82;10.9;8.818318363477834;10.889711934156379;125.0;8.94;9.6
Lepola2003 (ESC 99003);2001.0;MADRS;8.0;29.0;2;citalopram|escitalopram;SSRI;314.0;8.77;14.3;8.784969852504663;14.29108280254777;154.0;8.69;12.1
Ninan2003 (poster SCT-MD-26);;MADRS;8.0;30.4;1;escitalopram;SSRI;143.0;10.76;13.3;10.76;13.3;151.0;11.06;10.0
Bose2008 (SCT-MD-13);;HAMDunspecified;12.0;24.9;1;escitalopram;SSRI;129.0;9.09;9.8;9.09;9.8;134.0;9.26;9.2
Alexopoulos2004 (poster SCT-MD-27);2004.0;HAMD24;8.0;26.47;2;escitalopram|sertraline;SSRI;266.0;9.86;13.965;9.848135756678472;13.968834586466166;132.0;9.65;11.35
Kasper2005a (Study 99024);2005.0;MADRS;8.0;28.2;2;escitalopram|fluoxetine;SSRI;337.0;9.96;15.15;9.951338306799169;15.159347181008904;180.0;9.96;15.0
Dube2010 (NCT00420004);2010.0;HAMD21;8.0;;1;escitalopram;SSRI;54.0;8.818163074019441;15.0;8.818163074019441;15.0;122.0;3.3136083051561784;13.0
Kasper2012 (NCT00807248);2012.0;MADRS;8.0;35.4;1;escitalopram;SSRI;140.0;10.65;19.0;10.65;19.0;71.0;9.27;13.4
Wang 2014 (EUCTR2005-005052-40, NCT00351169, D1448C00004);2014.0;HAMDunspecified;8.0;27.2;1;escitalopram;SSRI;152.0;8.537517453315848;14.7;8.537517453315848;14.700000000000001;153.0;8.54;13.75
Griebel2012 (Study DF15878) (NCT00358631);2012.0;HAMD17;8.0;23.4;1;escitalopram;SSRI;81.0;7.53;9.27;7.53;9.27;71.0;7.57;7.7
NCT01020799;;HAMDunspecified;4.0;24.4;1;escitalopram;SSRI;49.0;6.93;9.84;6.93;9.84;94.0;7.853241369014454;9.15
SCT-MD-49 (NCT00668525);;HAMD24;8.0;29.3;2;escitalopram|escitalopram;SSRI;637.0;9.81490912491104;11.55;9.84568453306558;11.549921507064363;215.0;8.797726979169108;8.5
Study 19 (FDA) (Fabre1985);;HAMD21;5.0;28.9;1;fluoxetine;SSRI;16.0;7.3617750324356255;12.5;7.3617750324356255;12.5;21.0;7.3617750324356255;5.5
Study 62a (FDA) - MILD depression (Dunlop1990);;HAMD21;6.0;17.2;3;fluoxetine|fluoxetine|fluoxetine;SSRI;299.0;8.45;5.886666666666667;8.429239224379646;5.894581939799331;56.0;8.45;5.82
Study 62b (FDA) - MODERATE depression;;HAMD21;6.0;24.2;3;fluoxetine|fluoxetine|fluoxetine;SSRI;297.0;8.64651626561029;8.853333333333333;8.71022027268642;8.81993265993266;48.0;8.64651626561029;5.69
Stark1985 (Study 27 - FDA);1985.0;HAMD21;6.0;27.5;1;fluoxetine;SSRI;185.0;10.1;11.0;10.1;11.0;169.0;9.0;8.2
Heiligenstein1994;1994.0;HAMD17;8.0;21.1;1;fluoxetine;SSRI;45.0;7.76;12.3;7.76;12.3;43.0;7.76;8.52
Sramek1995;1995.0;HAMD24;9.0;28.2;1;fluoxetine;SSRI;72.0;6.3;8.6;6.3;8.6;70.0;6.7;6.4
NCT01808612;;HAMD21;6.0;;2;fluoxetine|fluoxetine;SSRI;251.0;7.201539126063036;6.215;7.252846065799499;6.203147410358566;259.0;7.88580370032123;6.91
Fabre1996;1996.0;HAMD21;6.0;27.7;1;fluvoxamine;SSRI;46.0;8.45;13.5;8.45;13.5;44.0;8.45;8.5
Montgomery2013 (F02695LP202, EudraCT2006-002404-34);2013.0;HAMD17;10.0;26.2;1;levomilnacipran;SNRI;276.0;7.475961476626267;14.9;7.475961476626267;14.900000000000002;277.0;7.65592580946289;11.5
Gommoll2014 (LVM-MD-02, NCT00969150);2014.0;HAMD17;8.0;24.9;1;levomilnacipran;SNRI;174.0;9.233634170791044;9.9;9.233634170791044;9.9;181.0;8.072174428244226;9.2
Asnis2013 (LVM-MD-01, NCT00969709);2013.0;HAMD17;8.0;24.7;3;levomilnacipran|levomilnacipran|levomilnacipran;SNRI;529.0;9.250983921996262;10.3;9.248151650340734;10.300378071833647;175.0;8.86326689206638;8.4
Sambunaris2014 (LVM-MD-03, NCT01034462);2014.0;HAMD17;8.0;23.3;1;levomilnacipran;SNRI;215.0;7.33143914930759;9.6;7.33143914930759;9.6;214.0;7.314369419163897;7.5
Bakish2014 (LVM-MD-10, NCT01377194);2014.0;MADRS;8.0;30.8;2;levomilnacipran|levomilnacipran;SNRI;372.0;10.77412461176555;14.5;10.76025557223024;14.499462365591398;185.0;10.473132291726293;11.3
MIR 003-003 (FDA);;HAMD21;6.0;25.4;1;mirtazapine;atypical;45.0;8.7;10.4;8.7;10.4;45.0;8.1;8.8
MIR 003-020 (FDA);;HAMD21;6.0;27.8;2;amitriptyline|mirtazapine;atypical|tricyclic;80.0;8.899999999999999;11.05;8.857307645903308;11.05;39.0;6.4;4.8
MIR 003-021 (FDA);;HAMD21;6.0;24.2;2;amitriptyline|mirtazapine;atypical|tricyclic;93.0;7.4;12.649999999999999;7.417491930279693;12.680645161290322;48.0;8.9;9.5
Vartiainen1994 (MIR 84023 FDA);1994.0;HAMD21;6.0;25.6;1;mirtazapine;atypical;44.0;9.7;10.9;9.7;10.9;45.0;9.2;9.0
Smith1990 (MIR 003-024 FDA);1990.0;HAMD21;6.0;27.5;2;amitriptyline|mirtazapine;atypical|tricyclic;99.0;8.7;13.0;8.70469133317988;12.99090909090909;48.0;9.7;7.7
Bremner1995(MIR 003-022 - FDA);1995.0;HAMD21;6.0;32.0;2;amitriptyline|mirtazapine;atypical|tricyclic;99.0;9.8;15.100000000000001;9.833200684618339;15.089898989898991;50.0;9.0;9.0
Claghorn1995 (MIR 003-002 (FDA);1995.0;HAMD21;6.0;24.2;1;mirtazapine;atypical;44.0;8.5;11.7;8.5;11.7;44.0;8.5;5.4
Halikas1995 (MIR 003-023 - FDA);1995.0;HAMD21;6.0;24.6;2;mirtazapine|trazodone;atypical;97.0;6.75;8.85;6.802482033251891;8.860824742268042;49.0;7.3;6.6
Kinoshita2009;2009.0;HAMD17;6.0;23.2;3;mirtazapine|mirtazapine|mirtazapine;atypical;200.0;7.099999999999999;13.0;7.128823650025706;12.982000000000001;70.0;7.5;10.4
003-008 (FDA);;HAMD21;6.0;26.0;2;mirtazapine|mirtazapine;atypical;58.0;7.7;7.449999999999999;7.6336552237453805;7.455172413793103;28.0;7.7;9.6
D'Amico1990 (FDA 030-A2-0007);1990.0;HAMD17;6.0;26.1;2;nefazodone|nefazodone;atypical;87.0;8.05;12.0;8.10882154416231;12.074712643678161;47.0;8.05;9.8
Feighner1998;1998.0;HAMD17;6.0;27.5;1;nefazodone;atypical;58.0;9.13892772703669;12.2;9.13892772703669;12.2;59.0;8.44926032265547;7.7
Fontaine1994 (FDA 03A0A-003);1994.0;HAMD17;6.0;25.2;2;nefazodone|nefazodone;atypical;90.0;8.89;9.6;8.951264858766345;9.568888888888889;45.0;8.89;6.8
Mendels1995 (FDA 03A0A-004B);1995.0;HAMD17;6.0;25.1;2;nefazodone|nefazodone;atypical;156.0;8.85;11.399999999999999;8.917292009023454;11.399999999999999;75.0;8.85;9.5
Rickels1994 ( FDA CN104-005);1994.0;HAMD17;8.0;24.4;1;nefazodone;atypical;86.0;7.64;12.0;7.640000000000001;12.0;90.0;7.64;8.2
Rickels1995 (FDA CN104-006-1);1995.0;HAMD17;8.0;24.2;1;nefazodone;atypical;41.0;7.3;8.0;7.3;8.0;36.0;7.3;8.6
Cohn1996 (FDA CN104-006-2);1996.0;HAMD17;8.0;22.8;1;nefazodone;atypical;39.0;7.6;12.1;7.6000000000000005;12.1;42.0;7.6;9.2
CN104-002 (FDA);;HAMD17;6.0;23.3;1;nefazodone;atypical;57.0;7.86;10.8;7.86;10.8;57.0;7.86;8.2
03A0A-004A (FDA);;HAMD17;6.0;23.2;2;nefazodone|nefazodone;atypical;153.0;7.96;8.9;7.956575916158754;8.896078431372548;77.0;7.96;8.9
PAR 01 001 (GSK & FDA);1989.0;HAMD21;6.0;27.9;1;paroxetine;SSRI;22.0;7.93;13.36;7.93;13.359999999999998;21.0;7.93;11.33
Dunbar1993a (Claghorn1992, Rickels1989, Rickels1992, PAR 02-001 - FDA);1993.0;HAMD21;6.0;26.8;1;paroxetine;SSRI;51.0;9.49;12.27;9.49;12.27;53.0;9.54;6.81
Dunbar1993b  (Claghorn1992, PAR 02-002 - FDA);1993.0;HAMD21;6.0;25.0;1;paroxetine;SSRI;36.0;8.64;10.94;8.64;10.94;34.0;8.63;5.77
Dunbar1993c  (Smith1992, PAR 02-003 - FDA);1993.0;HAMD21;6.0;28.6;1;paroxetine;SSRI;39.0;10.3;10.08;10.3;10.08;37.0;10.34;7.95
Feighner1993a (Feighner 1989c PAR 03 001 - FDA);1993.0;HAMD21;6.0;24.8;1;paroxetine;SSRI;36.0;7.14;10.67;7.14;10.67;31.0;7.18;4.39
Feighner1993b (Cohn1990 Cohn1992 PAR 03 002 - FDA);1993.0;HAMD21;6.0;25.6;1;paroxetine;SSRI;35.0;7.33;9.0;7.33;9.0;36.0;7.32;5.06
Feighner1993c (PAR 03 003 - FDA);1993.0;HAMD21;6.0;25.6;1;paroxetine;SSRI;33.0;9.47;9.67;9.47;9.67;40.0;9.48;9.95
Feighner1993d (Shrivastava1992 PAR 03 004 - FDA);1993.0;HAMD21;6.0;27.6;1;paroxetine;SSRI;33.0;8.73;12.03;8.73;12.03;36.0;8.7;7.14
Feighner1993e (Peselow1989 PAR 03 005 - FDA);1993.0;HAMD21;6.0;25.6;1;paroxetine;SSRI;40.0;9.866306299725345;10.02;9.866306299725345;10.02;42.0;9.850725861579948;4.07
Feighner1993f (Fabre1992 PAR 03 006 - FDA);1993.0;HAMD21;6.0;29.7;1;paroxetine;SSRI;39.0;8.056047417933934;9.08;8.056047417933934;9.08;37.0;8.02924653999365;2.97
29060 07 001;;HAMD21;6.0;30.5;2;amitriptyline|paroxetine;SSRI|tricyclic;25.0;10.662098846542731;13.195;10.466093062838683;13.1996;11.0;9.386048156705781;10.91
Dunbar1993d (Kiev1992, PAR 02-004 - FDA);1993.0;HAMD21;6.0;28.8;1;paroxetine;SSRI;37.0;7.18;12.65;7.18;12.65;38.0;7.15;7.61
Miller1989 (MDUK/29060/III/82/006 (PAR-274) PAR UK 06 - FDA);1989.0;HAMD21;4.0;23.7;1;paroxetine;SSRI;19.0;5.9;6.0;5.9;6.0;22.0;7.2;6.2
MY-1045/BRL-029060/1 (PAR 128);;HAMD21;12.0;25.6;2;fluoxetine|paroxetine;SSRI;694.0;8.754999999999999;12.4;8.769631732840974;12.394812680115274;136.0;8.63;9.0
MY-1043/BRL-029060/115;;HAMD21;12.0;;2;fluoxetine|paroxetine;SSRI;550.0;8.21;10.8;8.204621313372341;10.802181818181818;113.0;8.19;9.1
Dunner1992 (PAR 29060.09);1992.0;HAMD21;6.0;25.19;3;paroxetine|paroxetine|paroxetine;SSRI;303.0;8.45;10.416666666666666;8.449456613755304;10.430693069306932;51.0;8.45;9.25
MY-1042/BRL-029060/CPMS-251;;HAMDunspecified;8.0;24.47;1;paroxetine;SSRI;120.0;7.67;10.23;7.67;10.23;123.0;7.56;8.25
Edwards1989 (MD/PAR/009 PAR-276);1989.0;HAMD17;6.0;26.8;1;paroxetine;SSRI;21.0;10.5;8.8;10.5;8.8;20.0;8.8;4.5
Golden2002a (29060/448);2002.0;HAMD17;12.0;23.0;2;paroxetine|paroxetine;SSRI;206.0;8.170007781354986;11.899999999999999;8.190789226935081;11.892233009708736;101.0;8.039900496896712;9.9
Golden2002b (29060/449);2002.0;HAMD17;12.0;23.8;2;paroxetine|paroxetine;SSRI;218.0;8.195314921801831;12.7;8.198372603065108;12.694495412844038;110.0;8.180709015727182;10.2
Kramer1998;1998.0;HAMD21;6.0;;1;paroxetine;SSRI;68.0;7.152326085255125;13.0;7.152326085255125;13.0;64.0;8.16326530612245;9.5
Jefferson2000 (29060/785);2000.0;MADRS;6.0;31.4;3;citalopram|citalopram|paroxetine;SSRI;296.0;10.583333333333334;14.700000000000001;10.560609776872159;14.703040540540542;101.0;11.05;12.1
Trivedi2004 (29060/810);2004.0;HAMD17;8.0;23.5;1;paroxetine;SSRI;143.0;7.1749;12.4;7.1749;12.4;142.0;7.149;10.0
NKD20006 (NCT00048204);;HAMD17;8.0;24.7;1;paroxetine;SSRI;117.0;7.9;11.1;7.9;11.1;118.0;7.8;10.9
Rapaport2009 (BRL-29060/874) (NCT00067444);2009.0;HAMD17;10.0;22.74;1;paroxetine;SSRI;173.0;7.996;12.11;7.996000000000001;12.109999999999998;178.0;8.045;8.85
Higuchi2011 (PCR112810, NCT00866294);2011.0;HAMD17;8.0;22.7;2;paroxetine|paroxetine;SSRI;241.0;7.385;12.65;7.465100648014941;12.696680497925312;171.0;8.11;10.4
Learned2012b Study2 (NCT00420641);2012.0;MADRS;8.0;30.3;1;paroxetine;SSRI;166.0;10.296981999380721;19.11;10.296981999380721;19.11;156.0;10.231565152221153;14.95
Keller2006c (Study062) (NCT00048607);2006.0;HAMD17;8.0;28.3;1;paroxetine;SSRI;161.0;8.05;17.25;8.05;17.25;154.0;8.87;14.0
Griebel2012b (Study DF15879) (NCT00361491);2012.0;HAMD17;8.0;24.9;1;paroxetine;SSRI;79.0;7.4;16.1;7.4;16.1;76.0;6.97;12.75
Bosc1997a (Study 014 - Andreoli2002);1997.0;HAMD21;8.0;26.8;2;fluoxetine|reboxetine;SNRI|SSRI;253.0;8.45;13.415;8.433290377304044;13.414861660079051;128.0;8.45;8.64
Study 049;;HAMD21;6.0;25.1;1;reboxetine;SNRI;101.0;5.443106736761622;9.3;5.443106736761622;9.3;101.0;5.443106736761622;8.3
Study 045;;HAMD21;6.0;26.2;2;reboxetine|reboxetine;SNRI;174.0;8.45;9.55;8.479231428823404;9.560919540229884;86.0;8.45;11.3
Clayton2003 (Study 050);2003.0;HAMD21;8.0;25.6;2;fluoxetine|reboxetine;SNRI|SSRI;288.0;8.45;11.95;8.51356675050657;11.95;143.0;8.45;11.1
M/2020/0046 (Study 046);;HAMD21;8.0;23.0;2;paroxetine|reboxetine;SNRI|SSRI;495.0;8.45;12.0;8.456262991846065;11.99090909090909;247.0;8.45;11.5
M/2020/0047 (Study 047);;HAMD21;8.0;24.2;2;paroxetine|reboxetine;SNRI|SSRI;480.0;7.270673617699992;11.4;7.286318451279994;11.403333333333334;239.0;7.270673617699992;10.1
Reimherr1990 (SER 104 - FDA);1990.0;HAMD17;8.0;23.18;2;amitriptyline|sertraline;SSRI|tricyclic;286.0;8.105;12.15;8.105816742284635;12.153426573426573;141.0;7.85;8.16
Doogan1994;1994.0;MADRS;6.0;27.9;1;sertraline;SSRI;83.0;9.96;15.4;9.96;15.4;90.0;9.96;12.1
Lydiard1997;1997.0;HAMD17;8.0;22.1;2;amitriptyline|sertraline;SSRI|tricyclic;223.0;6.85;11.95;6.888578947120943;11.892825112107623;115.0;6.97;8.8
Buchsbaum1997;1997.0;HAMD24;10.0;32.0;1;sertraline;SSRI;7.0;9.32;17.6;9.320000000000002;17.6;10.0;9.32;12.5
Moscovitch2004;2004.0;HAMD17;8.0;18.62;1;sertraline;SSRI;93.0;7.71;9.36;7.709999999999999;9.36;93.0;8.0;6.87
Binnemann2008 (NCT00143091);2008.0;HAMD17;6.0;23.3;1;sertraline;SSRI;30.0;7.613;13.42;7.613;13.42;31.0;7.572;10.18
Fabre1995 (SER 103 FDA);1995.0;HAMD17;6.0;24.8;3;sertraline|sertraline|sertraline;SSRI;261.0;8.566666666666666;9.866666666666665;8.567489596380312;9.88735632183908;86.0;7.5;7.6
SER 315 (FDA);;HAMD17;8.0;23.1;2;amitriptyline|sertraline;SSRI|tricyclic;146.0;8.005190231352934;10.25;8.673346327806941;10.194520547945206;73.0;7.999580405317127;7.8
Mao2015 (NCT01098318);2015.0;HAMD17;12.0;15.4;1;sertraline;SSRI;19.0;10.1;8.2;10.1;8.2;18.0;8.66;4.6
Davidson2002 (HDTSG) (NCT00005013);2002.0;HAMD17;8.0;22.5;1;sertraline;SSRI;109.0;7.52;10.53;7.52;10.53;116.0;7.22;9.2
Olie1997;1997.0;HAMD17;6.0;25.4;1;sertraline;SSRI;129.0;8.1;11.7;8.1;11.7;129.0;8.1;7.7
Cunningham1994 (VEN 600A-302 FDA);1994.0;HAMD21;6.0;25.02;2;trazodone|venlafaxine;SNRI|atypical;136.0;5.75952783308861;11.25;5.8296964256298;11.220441176470588;75.0;5.75952783308861;8.8
VEN 600A-303 (FDA);;HAMD21;6.0;23.63;1;venlafaxine;SNRI;69.0;8.45;10.14;8.45;10.14;79.0;8.45;9.89
VEN 600A-313 (FDA);;HAMD21;6.0;25.57;2;venlafaxine|venlafaxine;SNRI;149.0;8.199049274773131;11.375;8.384725346517103;11.39026845637584;75.0;8.199049274773131;9.49
VEN XR 367 (FDA);;HAMD21;8.0;26.49;3;paroxetine|venlafaxine|venlafaxine;SNRI|SSRI;237.0;10.627369045853287;13.826666666666666;10.748363934369975;13.824599156118145;81.0;10.627369045853287;13.1
Schweizer1994 (VEN 600A-301 FDA);1994.0;HAMD21;6.0;25.39;1;venlafaxine;SNRI;64.0;7.884666407619699;13.92;7.884666407619699;13.92;78.0;7.884666407619699;9.45
Lecrubier1997;1997.0;MADRS;8.0;24.9;1;venlafaxine;SNRI;72.0;8.216628821980935;16.93;8.216628821980935;16.93;76.0;8.216628821980935;14.07
Cunningham1997 (VEN XR 208 - FDA);1997.0;HAMD21;8.0;24.4;2;venlafaxine|venlafaxine;SNRI;179.0;8.45;12.555;8.489862481704723;12.58391061452514;99.0;8.45;9.3
Thase1997 (VEN XR 209 FDA);1997.0;HAMD21;8.0;24.53;1;venlafaxine;SNRI;91.0;10.07674842387779;11.66;10.07674842387779;11.66;100.0;10.07674842387779;6.78
Rudolph1998 (VEN 600A-203 (FDA);1998.0;HAMD21;6.0;26.0;3;venlafaxine|venlafaxine|venlafaxine;SNRI;231.0;9.608896932596586;11.166666666666666;9.60705106561038;11.17878787878788;92.0;9.608896932596586;6.7
Learned2012a Study1 (EUCTR2005-003401-87, SND103285, NCT00448058);2012.0;HAMD17;8.0;;1;venlafaxine;SNRI;133.0;6.36;14.0;6.36;14.0;126.0;7.68;12.7
Higuchi 2014(NCT01441440);2016.0;HAMD17;8.0;;2;venlafaxine|venlafaxine;SNRI;351.0;6.557239490002497;10.565;6.550559627128924;10.563333333333333;184.0;6.511036783800257;9.25
Rickels2009 (GNSC-04-DP-02 FDA) (NCT00285376);2009.0;HAMD17;8.0;24.8;1;vilazodone;atypical;198.0;8.44;10.4;8.44;10.400000000000002;199.0;8.46;8.6
Khan2011 (CLDA-07-DP-02 FDA) (NCT00683592);2011.0;HAMD17;8.0;25.0;1;vilazodone;atypical;231.0;10.64;10.7;10.64;10.7;232.0;10.66;9.1
FDA 244 (EMD 68 843-009);;HAMDunspecified;8.0;24.4;1;fluoxetine;SSRI;89.0;7.4;9.1;7.3999999999999995;9.1;95.0;7.8;9.3
FDA 245 (EMD 68 843-010);;HAMD17;8.0;23.8;2;fluoxetine|vilazodone;SSRI|atypical;196.0;7.405978878165124;10.399999999999999;7.408463628400515;10.357142857142858;99.0;7.95989949685296;10.2
Mathews2015 (NCT01473381);2015.0;MADRS;8.0;31.0;3;citalopram|vilazodone|vilazodone;SSRI|atypical;852.0;9.96;16.7701252236136;9.956836776512228;16.769927855745088;281.0;9.96;14.3112701252236
Pomara2013;2013.0;MADRS;8.0;;1;vilazodone;atypical;255.0;9.96;16.1;9.96;16.1;253.0;9.96;11.0
Alvarez2012 (11492A, NCT00839423);2012.0;HAMD24;6.0;29.9;3;venlafaxine|vortioxetine|vortioxetine;SNRI|atypical;319.0;9.240175538309405;17.466666666666665;9.213052144433599;17.46269592476489;105.0;9.222255689363639;12.23
Jain2013 (303, NCT00672958);2013.0;HAMD24;6.0;32.7;1;vortioxetine;atypical;292.0;11.10720486891279;14.61;11.10720486891279;14.61;286.0;11.1954358557405;13.87
Mahableshwarkar2013 (304, NCT00672620);2013.0;HAMD24;8.0;29.8;2;duloxetine|vortioxetine;SNRI|atypical;302.0;9.135551625020462;12.275;9.198327191022877;12.259172185430465;149.0;9.240362601110412;10.5
Baldwin2012 (11984A, NCT00635219);2012.0;HAMD24;8.0;31.3;3;duloxetine|vortioxetine|vortioxetine;SNRI|atypical;455.0;9.892598103030297;15.199999999999998;9.87790553687473;15.196043956043953;145.0;9.874107554609681;13.3
Henigsberg2012 (305, NCT00735709);2012.0;HAMD24;8.0;32.1;2;vortioxetine|vortioxetine;atypical;251.0;8.389052684917795;15.825;8.383622222448546;15.813705179282868;128.0;8.349516872250753;11.3
Katona2012 (12541A, NCT00811252);2012.0;HAMD24;8.0;29.2;2;duloxetine|vortioxetine;SNRI|atypical;265.0;8.056442943396535;15.85;8.12897414791937;15.810943396226413;129.0;7.950471684120383;10.8
Boulenger2014 (13267A, NCT01140906);2014.0;MADRS;8.0;31.8;3;duloxetine|vortioxetine|vortioxetine;SNRI|atypical;446.0;9.510641601168054;19.056666666666665;9.62699719108279;19.041390134529145;158.0;9.553051868382166;11.7
Jacobsen2015 (316, NCT01163266);2015.0;MADRS;8.0;32.3;2;vortioxetine|vortioxetine;atypical;246.0;9.299044979636196;13.685;9.308221667824377;13.679105691056913;139.0;9.514389680899138;10.77
Mahableshwarkar2015a (315, NCT01153009);2015.0;MADRS;8.0;31.9;3;duloxetine|vortioxetine|vortioxetine;SNRI|atypical;340.0;9.41790608961741;15.589999999999998;9.451391816029403;15.597764705882351;129.0;9.472419120794855;12.83
Mahableshwarkar2015b (317, NCT01179516);2015.0;MADRS;8.0;34.1;2;vortioxetine|vortioxetine;atypical;236.0;11.677649670631093;13.51;11.659617581791618;13.516355932203389;126.0;11.707645963215661;12.87
NCT01355081(japicCTI-111492, U1111-1120-9277);;HAMD17;8.0;20.9;2;vortioxetine|vortioxetine;atypical;240.0;6.386252649588264;9.05;6.393286979128149;9.04575;122.0;6.3842186679342365;8.4
NCT01255787 (EUCTR2010-022257-41, Lu AA21004/CCT-002, U1111-1117-6595, JapicCTI-101344, CTRI/2011/08/001963);;MADRS;8.0;31.6;3;vortioxetine|vortioxetine|vortioxetine;atypical;438.0;9.592466714055007;15.37;9.585580743632613;15.380730593607307;150.0;9.589752342996142;13.99
McIntyre2014 (NCT01422213);2014.0;MADRS;8.0;31.62;2;vortioxetine|vortioxetine;atypical;355.0;8.32575883144882;16.555;8.373781726664768;16.574619718309858;165.0;8.220948850345684;10.85
Mahableshwarkar2015c (NCT01564862);2015.0;MADRS;8.0;31.4;2;duloxetine|vortioxetine;SNRI|atypical;362.0;9.416242810275104;15.3;9.422975480409248;15.31657458563536;167.0;9.045993588324059;12.5
