,08MQ,0C7Q,0ED6,0H5E,0I4U,0JO0,1KB2,1P0Y,27SS,2T6S,2T7P,3C6G,3PQ2,3TR7,43FJ,46CD,4SZ2,4TQ6,50GV,51PW,6FH5,6VV2,80GC,94GU,98BT,9Q6R,9T8E,9U7M,AO86,B23O,B5I6,C22U,C88N,DC61,E3B6,E6R3,I07H,I52Y,I9D6,IZ20,J7F9,K9P0,L3V8,L7J7,L9G5,O03M,O21U,O6R6,P5F3,Q58J,Q6O0,R42Q,R5K7,R7D1,R9K3,SM54,T54A,U26C,UI76,UK24,V55J,X19V,X1Y5,XU70
08MQ,0.9999999999999998,0.8228563928562097,0.5070313882356596,0.8178880322060014,0.7686042686755558,0.3349285429397584,0.9177372335172255,0.8390480335243891,0.5190322004971207,-0.47388815951463953,0.4756186767052667,0.8840901690560188,0.6067766822789263,0.8739591872959412,0.8519207041468759,0.8550838163177823,0.5566184001748071,0.6997001500282736,0.8130827737090702,0.6339909927462176,0.8828805676688026,0.7291173720577022,0.4934346781082718,0.7569063878174507,0.8793128565720977,0.8007592896127754,-0.013082688694663704,0.8314084020906757,-0.4260171980953821,0.4965282998864331,0.8124760204039694,0.8524000808830084,0.8526680546555968,-0.2466052043825024,0.8294289431710647,0.791850548819961,0.5345470986889718,0.8636657029905336,0.37108764285256274,0.6559791283492736,0.8699442933968724,0.7834065001473656,0.8673219832797741,0.8487997987519837,0.31800310936795706,0.49283089929971646,0.7738378403877589,-0.08442017197045351,0.8061742758803389,0.70425649260921,0.8796761455822114,0.1583906396366527,0.5439715791508652,0.7975309111789219,0.8378165118021952,0.7613829556517355,0.5057431619209859,0.8332177047663021,0.40847545111773537,0.3557960892413564,0.9311379084446478,0.7896433871663715,0.6016975350089993,0.7462905662521249
0C7Q,0.8228563928562097,1.0,0.5371554679999957,0.7880944464191462,0.738294483954821,0.4352131211154192,0.7805280842225281,0.7140668656255219,0.6324910892345947,-0.5922889157948811,0.5477347300552428,0.8354858899160933,0.6974155898357657,0.8843858477432892,0.8076925133524432,0.7689582439257032,0.5283206901821617,0.5974327809713573,0.8887020621488351,0.6502760459055742,0.845784304786582,0.80132750271959,0.4657714092160166,0.6954070173525972,0.8307309776028728,0.8720916149759612,-0.06660185266272547,0.8008296534720788,-0.4281290949057361,0.588424860988089,0.8859791278657427,0.8099443752514105,0.838743584758014,-0.2944320654210507,0.8748751626925306,0.8485293071507373,0.5957453102038269,0.8266482792430082,0.4837496506547801,0.60269454405286,0.8526383367672752,0.8662922900548059,0.8294153416361495,0.8906404818508307,0.29314059259322267,0.5710155116915391,0.8484468276512581,-0.09484340996218227,0.7418007676677344,0.6579391222099649,0.8907222411536064,0.07569275719958465,0.5686396974335101,0.8552744311219541,0.8578886464574792,0.7375995066336554,0.6242030730537749,0.8932770237074005,0.5592891999781759,0.3311669585011273,0.7962780385377831,0.856309673676,0.7488958350466987,0.7209883508508207
0ED6,0.5070313882356596,0.5371554679999957,1.0,0.5786696085692035,0.5681697715776944,0.3486626136302211,0.4731112838241387,0.37902098742686835,0.43597777414350786,-0.4546832314519658,0.4083967208511321,0.6170671751125747,0.39867103965323053,0.6231105366219125,0.5724114961145547,0.4552988147613879,0.34758950779189685,0.3519273192245772,0.578798480158976,0.6721055427404997,0.6199292972745595,0.4970871414266496,0.2253862857098365,0.47674462510600607,0.6401824607746595,0.6338556476740614,-0.24966017525138973,0.6666199434654365,-0.14576226939463405,0.3789013206404198,0.577866802982793,0.4276499134430285,0.4676794883109485,-0.19306618367763337,0.5639209305660788,0.45670899161499134,0.44929932479195167,0.5275572636589051,0.3039020363451446,0.41928968423596363,0.4649539753377653,0.521677199276372,0.5701000109075454,0.6333164681465385,0.16523010365152196,0.36405226097071514,0.5347596391404102,-0.14314438133776175,0.5243983759516909,0.49848470411851165,0.6103903352036614,0.07461829814347128,0.9452946290455584,0.4538473360998195,0.44852322374930387,0.4194497216850105,0.5328593458517812,0.5849241617062739,0.33786844353066964,0.15615878653426937,0.5477320967502624,0.5517165200124091,0.4725844263435985,0.4366741548867526
0H5E,0.8178880322060015,0.788094446419146,0.5786696085692035,1.0,0.7477114032981392,0.3369469664304736,0.7723700702386218,0.6653095792490337,0.5365671072700301,-0.5294050187610169,0.47610862959468325,0.87258034440566,0.5656903452489358,0.88101473896077,0.8430318311683601,0.7992688168919246,0.5257252403714744,0.6406177590300665,0.786249445537607,0.6770174390198233,0.8460222506734767,0.6858076745481956,0.4477006385933435,0.7065614020808033,0.8742429691994962,0.8021860724613954,-0.1410497897163054,0.8487403589844692,-0.2793513322252287,0.4875457355107509,0.7892244589751323,0.7633915427654473,0.8178440274198663,-0.24969496020806078,0.8322090616379939,0.7335652068477472,0.5754506366420111,0.7850216445747878,0.3579742721112777,0.643715780027005,0.8094466683796655,0.7350040728153548,0.8695516939901192,0.8457501151966405,0.28940651020712815,0.4731338178768613,0.7508601865927954,-0.11108003637710635,0.7502912084709263,0.6936319780258855,0.8769836725721393,0.06661389755041204,0.6385633331735937,0.7422644317253759,0.769081390486406,0.6235082958839572,0.5505356692543052,0.8103013165106745,0.41681174584075475,0.3218826236504021,0.8347307475233293,0.7676728712809997,0.5744446401769387,0.7143425641255186
0I4U,0.7686042686755558,0.738294483954821,0.5681697715776944,0.7477114032981391,0.9999999999999998,0.3605027086754772,0.7126554665274566,0.6139963836043657,0.527312016074589,-0.5167888356039693,0.5279911861239617,0.8373107316566546,0.5485361116171897,0.7758404665964826,0.8136147052821581,0.755537908905707,0.4567862570933516,0.5640105151169104,0.729448916234521,0.6120000378498437,0.810538335307686,0.6456798032848874,0.39382267324192627,0.6798852291322686,0.8102462764598961,0.7297988136279754,-0.10583467652634224,0.7730058593289895,-0.31475695938936116,0.47096708311056273,0.727646784067739,0.7306380910214123,0.728965959858145,-0.2305533881924183,0.7411935019055502,0.6868693981846007,0.5193352163715461,0.7730083908111511,0.3842550075861349,0.5586694371337148,0.7343168773129225,0.6884527265062005,0.8113755567847963,0.7602995678822494,0.2664060340303422,0.46800617454523796,0.6854833225539548,-0.12533966472019173,0.6795296644446683,0.5998921921404233,0.7721354480783308,0.06754136079716551,0.606660523989975,0.6907984131377749,0.7165193680223118,0.5829431472208573,0.5431095265706963,0.7375094044251903,0.4323023772439128,0.32252421855180374,0.7738755350582266,0.7027440022033673,0.5839736809404448,0.6394873723581723
0JO0,0.33492854293975843,0.4352131211154192,0.3486626136302211,0.33694696643047367,0.3605027086754772,1.0,0.268715389356049,0.27531132997429997,0.5189596235656149,-0.6399443204291098,0.4819916497886083,0.3917838146546236,0.4456405210373982,0.4350938663699578,0.3408724569252427,0.37039586795730317,0.20584762450051827,0.056923663231942104,0.4761430153505464,0.3741659594066543,0.420040595256658,0.4188319205015709,0.06707459657928497,0.3583070332518636,0.39494740993678645,0.47295053757999866,0.0013255495239650212,0.38277466351015343,-0.3507288165176808,0.3685165884086724,0.4935162341350669,0.35270935296134814,0.42363110085104694,-0.20303168636420407,0.4583392987830596,0.43518297707814785,0.27924007244641685,0.40028265703383364,0.469347253048869,0.06521420150288997,0.42327918619819266,0.5016395139024735,0.3735038326529083,0.46133972893643516,0.017579972451520157,0.32627568102684884,0.431234364318565,-0.16648003706962022,0.18039414989739713,0.13499978818053185,0.44151610145195413,-0.2600261903996009,0.3599226127398464,0.44503426157573583,0.45005519742273103,0.36174039621509524,0.514179152596558,0.4833843833648477,0.563171497529165,0.07919055755103764,0.3241123498722476,0.4494382281105634,0.5432157327133857,0.18979748592833862
1KB2,0.9177372335172255,0.780528084222528,0.47311128382413875,0.7723700702386217,0.7126554665274566,0.268715389356049,1.0,0.8195248861118005,0.4635862733198872,-0.3941887983265064,0.4325424919941213,0.8276128397904913,0.5774207417753352,0.8306637991748294,0.8009157183540118,0.8020948678484733,0.5438345978692177,0.688103241774641,0.7806561538364422,0.6229843447076451,0.8334960362081724,0.6937325152740245,0.4953036742461761,0.7077804770062509,0.8298909771186687,0.7713487800798136,-0.02867469610162074,0.80054999383183,-0.43489202248611436,0.46351366439250435,0.7729545262106037,0.8327026235982117,0.8094922396965092,-0.21019030965909238,0.799731855961965,0.757342348349853,0.539987794892495,0.8269710243969116,0.3149487512376086,0.6623312397234977,0.8164947734789859,0.7507161610123174,0.832058530142519,0.8086919393184551,0.38223410245238554,0.4781773289259263,0.7503207198364218,-0.052064355033667666,0.8218346046095091,0.7167555903226903,0.8352475511912646,0.21001292274637412,0.5110532635169075,0.7596083906965825,0.7881353810524322,0.768450819696479,0.4765233924325943,0.790598844260974,0.3486301849669184,0.37286839363090196,0.8958573975883569,0.7629680189664573,0.5497413862109777,0.7517548341354438
1P0Y,0.8390480335243892,0.7140668656255219,0.37902098742686835,0.6653095792490337,0.6139963836043656,0.2753113299742999,0.8195248861118005,1.0,0.41465415652540144,-0.35726746015737004,0.39169833024816514,0.7457507123323969,0.573025919819962,0.7373382433967792,0.674756956558729,0.7318223789277584,0.4576830465710684,0.6177445002310586,0.71825456630843,0.482460033146105,0.7558779776093022,0.651866243790185,0.4520599044818904,0.6563453308334161,0.7246528647462204,0.6891011851722619,0.10164652174323645,0.6903757821275879,-0.5416326180569022,0.40118045164733607,0.7197257605810496,0.7636066402095941,0.7386778251016073,-0.23403677082942656,0.7304479104199089,0.704988571118366,0.41578617149635727,0.7376650306101267,0.31740134739726245,0.5539915259132948,0.7560289488607286,0.706206282546236,0.7391316146767263,0.7370305888001939,0.2908489130541627,0.4472202577142511,0.7084969366370707,0.05253455599004075,0.695535687461773,0.5872227342021468,0.746548548915613,0.24969152902314568,0.381671705435229,0.715564354973738,0.7498644289604327,0.7572125734177106,0.40203700740608533,0.7462364400695376,0.36273507365471885,0.32330790684172594,0.8141177424256532,0.6947609320975066,0.5699261926721443,0.6502966557725475
27SS,0.5190322004971207,0.6324910892345948,0.43597777414350786,0.5365671072700301,0.5273120160745891,0.5189596235656149,0.4635862733198872,0.4146541565254014,1.0,-0.7928247626308205,0.679527170763544,0.5824907724532399,0.5695539978130555,0.6533058298784606,0.5346744122341254,0.5576723163709786,0.3367405853239599,0.23845236636583006,0.6785872687455313,0.537294700414033,0.6073830073404114,0.678472358210561,0.16302462574997278,0.5246086699253055,0.5979672929926249,0.6595998816997364,-0.09337118597048234,0.5579495697267723,-0.3748737027450771,0.4626762430792135,0.6699323699995153,0.5916414499386417,0.6584202185657132,-0.2623592555462586,0.6612102983053076,0.6460955890345936,0.4080314606876289,0.6208010283835597,0.6648921883711908,0.29822295651539577,0.6512897594840581,0.6668551555878376,0.5672380518868687,0.6538367378280073,0.1865685557243109,0.4220612596532963,0.6302616268145428,-0.18928431791218006,0.41721033822627956,0.36293351757931225,0.6507255776055452,-0.0772818865066295,0.4585523487229329,0.6869906697279301,0.6699245207606411,0.47169516699356007,0.8136383431993464,0.6627315697246298,0.7362353563829493,0.12609658623306264,0.5010881731402757,0.6494439409508046,0.6737208442758099,0.3974865713225125
2T6S,-0.47388815951463953,-0.592288915794881,-0.4546832314519659,-0.5294050187610168,-0.5167888356039692,-0.6399443204291098,-0.3941887983265064,-0.35726746015737004,-0.7928247626308206,1.0,-0.7021201831959375,-0.5810455123305368,-0.579604676905784,-0.6462795678584163,-0.5046639837516756,-0.5733735416536304,-0.27803168480087637,-0.09021121730181103,-0.6278753184236535,-0.5452778174140119,-0.6040220852555587,-0.5528263263590906,-0.1038603491981152,-0.5293604191031615,-0.6064714400857723,-0.6264285887861222,0.055088225618767896,-0.548218660056905,0.42329061883257724,-0.4369106541262003,-0.6413760283106775,-0.5492996130143435,-0.6659548398775824,0.2722864881184789,-0.6243422545687031,-0.6087071342410764,-0.3564311862278281,-0.6187074292573422,-0.658276756285031,-0.105896745016678,-0.6635997146145155,-0.606447145312798,-0.5351529170950531,-0.6390034403606889,-0.08724424869870853,-0.3809436511732808,-0.5644014599941604,0.2390896534537722,-0.2642063387203794,-0.20110521838898918,-0.6383499565520496,0.3377370057594594,-0.47963938093232517,-0.6276275130700526,-0.6812900494240186,-0.4127724728822391,-0.7582657785613452,-0.6426024657795854,-0.7528245403226121,-0.13479617699064572,-0.46633540584280764,-0.5939658168017335,-0.6846759987767815,-0.27037705687809077
2T7P,0.47561867670526675,0.5477347300552426,0.4083967208511321,0.47610862959468325,0.5279911861239617,0.48199164978860837,0.43254249199412126,0.3916983302481651,0.679527170763544,-0.7021201831959375,1.0,0.5579508832227855,0.5300204670287643,0.5595593829478168,0.49943620762067176,0.5346410549051858,0.2702519416963466,0.19203715490114565,0.5745675532565652,0.4726571551706098,0.5731687951082037,0.5181933652904199,0.14436398579157975,0.4860236924770499,0.5559753556692411,0.56520987049428,-0.0616535697637425,0.5215484076665741,-0.3500076004978953,0.4106944708347286,0.5751915749375794,0.5899073511893655,0.5651593873951433,-0.22006516229781406,0.5621200934282659,0.5494375264997635,0.3161583788867705,0.6294049760451692,0.5351322179706165,0.21350561716286295,0.5607974234796236,0.5530047310566641,0.5393316141811344,0.5594654529209429,0.15025842531421119,0.3635169070304001,0.5340262238165087,-0.2011232019886323,0.35116564075608137,0.2762193501464692,0.5585922355631515,-0.1516784553784451,0.4173754463435106,0.5630930400942965,0.5734282990712786,0.40428993418417286,0.653264597406772,0.5684523289098732,0.622379722581677,0.14015075594619378,0.47125057554093475,0.5467504794495496,0.5897360826719928,0.3337097955914562
3C6G,0.8840901690560188,0.8354858899160932,0.6170671751125746,0.87258034440566,0.8373107316566547,0.39178381465462353,0.8276128397904912,0.7457507123323968,0.5824907724532399,-0.5810455123305369,0.5579508832227856,1.0,0.636434189256585,0.9134449378038534,0.8870550342517161,0.9032075156174098,0.5579901812201664,0.6828335062563694,0.842998172908922,0.6989194780973904,0.9554602389386831,0.7326835066251641,0.46297298777747053,0.7738233714494972,0.9493106857218329,0.8363140852962432,-0.06924110532908105,0.9042717118605496,-0.3443966734334974,0.5245501516776387,0.8433669873780805,0.8505269026566659,0.8575115556744274,-0.27218000247407986,0.8732552337839113,0.793445168164011,0.5831823327484933,0.8816750455113402,0.41457760451087433,0.6764237701325392,0.8676579222214735,0.8012818162984187,0.9580601321799631,0.8932666118595052,0.2976874063748779,0.504613206720456,0.8007730841361298,-0.11080395176569934,0.7990039488444035,0.7211440466693788,0.9115822699458841,0.05248744758914731,0.6566041435377096,0.8061400242973331,0.8395505641392181,0.6765400603110899,0.5770797214163925,0.86802188756328,0.4840623856158937,0.36117692210601327,0.9220923401990867,0.8171763663382164,0.6520665792819536,0.7356949607550743
3PQ2,0.6067766822789263,0.6974155898357658,0.39867103965323053,0.5656903452489358,0.5485361116171897,0.44564052103739815,0.5774207417753352,0.5730259198199619,0.5695539978130555,-0.5796046769057839,0.5300204670287642,0.636434189256585,1.0,0.6715683413065565,0.576473149561797,0.5934336774557936,0.3850014950887339,0.3816023959301342,0.7684953312645523,0.5085687858457522,0.6601972503520978,0.6575582848405761,0.3158126823481003,0.5574008548068047,0.628340829820657,0.7426510048019894,0.027115024648810524,0.596676850677202,-0.5009260514395184,0.5769155085628133,0.7526010569613206,0.6302453647883892,0.6434819312423005,-0.2945695543057364,0.7130017717095474,0.7102919877417729,0.4445735075231313,0.6424439540174295,0.4834876639502545,0.37947566755985634,0.6520924798609913,0.763390630852045,0.6272442754518992,0.7104466353330632,0.21260181805514297,0.5336310236000987,0.7496175870032415,-0.029698871702849357,0.4970732652674714,0.4255352847632516,0.6790068244929856,-0.025948909507870915,0.40446312342861956,0.7264018586090958,0.6932996814103151,0.6420840364254037,0.5880788173676763,0.7458016074466309,0.6382489786301052,0.24286343429623247,0.5983952891590868,0.7354131249146526,0.7587021487942557,0.5045955247426811
3TR7,0.8739591872959411,0.8843858477432894,0.6231105366219125,0.88101473896077,0.7758404665964826,0.43509386636995767,0.8306637991748294,0.7373382433967791,0.6533058298784606,-0.6462795678584163,0.5595593829478168,0.9134449378038534,0.6715683413065564,1.0,0.8629984086999534,0.8478980739046894,0.5913495559305767,0.6590259954874341,0.9271809599786986,0.7712276699333285,0.9367882717251297,0.8051890604281858,0.4815823883878339,0.7467120958555747,0.9297085820207815,0.9245693104884795,-0.09323149271628231,0.891105639004499,-0.3748091214810384,0.5691072652920539,0.9307368497527603,0.8333833568040262,0.9175948430665047,-0.30596098370471697,0.9604581550826996,0.8566781217362825,0.6536773850441983,0.863068751189075,0.44076203201707315,0.677054321700836,0.9242459828618582,0.8748090961515163,0.904534845865054,0.98311611270569,0.32546930462564544,0.5498910577669487,0.8843062176857734,-0.11492311796669719,0.8140342112775032,0.7477024043366488,0.992012670634373,0.09087676907263101,0.6735833509729948,0.8688974037003068,0.9016027375574314,0.7456895576972538,0.6758781758328357,0.9551404817957261,0.524771544362557,0.3479394501553181,0.8706146296087589,0.9000340807556271,0.7225963377251265,0.7632637162609535
43FJ,0.851920704146876,0.8076925133524431,0.5724114961145547,0.8430318311683602,0.8136147052821581,0.34087245692524265,0.8009157183540117,0.6747569565587291,0.5346744122341254,-0.5046639837516756,0.49943620762067176,0.8870550342517161,0.576473149561797,0.8629984086999534,1.0,0.7917304078671878,0.47447556612672587,0.6250173299323628,0.805177851566582,0.6401879941214038,0.8539476149803398,0.7111535747106368,0.46987195134250864,0.6892026155720666,0.8582300974459649,0.8111180192369777,-0.12160986378521045,0.823044886416478,-0.3038547282054024,0.4986647677987143,0.8066500527356274,0.776791366363439,0.797515915805244,-0.23284196905434942,0.822983662012695,0.752741849228854,0.5977655919537328,0.8160984373952496,0.36107333937683805,0.6330319242100058,0.7979948287626938,0.7613514335139897,0.8716601256841794,0.8425163121786399,0.31500440055264356,0.4878669956637639,0.7674406355017084,-0.11953547707660048,0.7707297525918702,0.6714218679523144,0.8596020937796581,0.06747167347460307,0.6200412544990453,0.7655473643424086,0.7778612563908813,0.6520067256406261,0.546023180528198,0.8144586267274861,0.41702488824315603,0.37645559939753925,0.8420579548532149,0.7884224791791586,0.5854995381281918,0.741076643759512
46CD,0.8550838163177822,0.7689582439257031,0.4552988147613879,0.7992688168919246,0.755537908905707,0.37039586795730317,0.8020948678484733,0.7318223789277584,0.5576723163709786,-0.5733735416536304,0.5346410549051858,0.9032075156174098,0.5934336774557936,0.8478980739046893,0.7917304078671878,1.0,0.5654369076545579,0.6610857127930203,0.7722151862964777,0.6423395729431163,0.8923870469403755,0.6716308427998066,0.4481434265664875,0.763604210642548,0.8900155715028095,0.7467263682863078,-0.015578100204507297,0.8381014000554728,-0.35662323862346235,0.48764347264576124,0.7770868752377869,0.8716676454077603,0.8793844998123311,-0.2563520477018399,0.8078945075182183,0.7819365757977441,0.509098956130334,0.8708895101722927,0.4176350729832479,0.5994693966352311,0.8942826305263791,0.7479674187879329,0.8756551158437226,0.8065183558678722,0.2898568932137652,0.46187044407154093,0.7247069749645307,-0.1133009952261455,0.7277223833943874,0.6541849148321303,0.8529757795373879,0.017453303050918006,0.4952412309682379,0.7956333206744626,0.8554294462280063,0.6341656482582096,0.5117824172630714,0.79943419043309,0.4784667200108992,0.36462398255785616,0.8663863000122362,0.7511178547281034,0.594227100448366,0.6808220259467268
4SZ2,0.5566184001748071,0.5283206901821617,0.34758950779189685,0.5257252403714744,0.4567862570933516,0.2058476245005183,0.5438345978692177,0.4576830465710684,0.3367405853239599,-0.27803168480087637,0.2702519416963466,0.5579901812201664,0.3850014950887339,0.5913495559305767,0.4744755661267259,0.5654369076545579,1.0,0.574074178174363,0.5655256663819028,0.5419798544676949,0.5943031276534484,0.4735856733234464,0.3902676400411532,0.47731089338929644,0.5787543794884693,0.5482189125052119,-0.009886757676404298,0.5831609519061964,-0.14249397342758002,0.3659898823390879,0.5577510978759406,0.5540074802347862,0.5632108948235773,-0.1521704814274262,0.5827482012657893,0.5393523484797217,0.46515384124354514,0.5275481980099903,0.19278825525050272,0.5552982296722251,0.5827742858473683,0.5483044749417054,0.5748189354935771,0.5774485794247813,0.30107023822865236,0.3490262398636876,0.5362514203813169,-0.05216198028238631,0.5991923625403335,0.6222129245061523,0.5922830809493215,0.15968736762476946,0.377118222380805,0.5467735854550191,0.550497711239013,0.45575878708519907,0.3266510956655,0.567111676328572,0.2436492440064999,0.22248691962221315,0.57217567580557,0.5543555346125577,0.36026516235741196,0.5663505477371846
4TQ6,0.6997001500282736,0.5974327809713573,0.3519273192245772,0.6406177590300665,0.5640105151169104,0.05692366323194211,0.6881032417746411,0.6177445002310585,0.23845236636583006,-0.09021121730181103,0.19203715490114565,0.6828335062563694,0.3816023959301342,0.6590259954874342,0.6250173299323628,0.6610857127930203,0.574074178174363,1.0,0.5982296170390039,0.47122820333146404,0.6772117087656792,0.5112225548804293,0.546671481441912,0.558791872421539,0.6843863569447134,0.5617742239897323,0.008038411745277689,0.6755895754455543,-0.1304043959925404,0.36813870697650264,0.5825869047863887,0.6574495336280313,0.6112149752181417,-0.1794054778438185,0.628198561141926,0.5736641156402392,0.46809098569120416,0.6102710557516547,0.10498716807685891,0.8353035316602249,0.63383228336601,0.568992050722655,0.6991407131223567,0.6341626053965004,0.3230293185091011,0.3455486251555626,0.601764237013968,0.0614297451342986,0.8380453096872765,0.8409155728255978,0.6674713401541699,0.39788087670938993,0.3931080156106394,0.5782322616434091,0.5899426966712716,0.5300374683721958,0.22676883579303048,0.6125649503672055,0.1405453662418655,0.31611854661039623,0.7012451428468202,0.5823688285832854,0.3517334651557441,0.7533514994558974
50GV,0.8130827737090701,0.8887020621488352,0.578798480158976,0.786249445537607,0.729448916234521,0.4761430153505464,0.7806561538364422,0.71825456630843,0.6785872687455312,-0.6278753184236535,0.5745675532565651,0.8429981729089221,0.7684953312645523,0.9271809599786986,0.805177851566582,0.7722151862964777,0.5655256663819028,0.5982296170390039,1.0,0.7182223683443023,0.8798514563963326,0.8491855603089049,0.48752961120832455,0.6936802782244303,0.8424919767727114,0.9686751720457842,-0.058449259828042645,0.8201034631870739,-0.4464610511970668,0.6481938327817842,0.9738883855516768,0.8076359682612652,0.8596186625778743,-0.3401354376568731,0.9511891080293596,0.9011584039690631,0.6733715954252358,0.826299646172722,0.48915616247973914,0.6219866181308903,0.8703052738939966,0.9568037522092049,0.8435519440644424,0.9573625693421023,0.31136819101757607,0.6346639725895785,0.9531239227459058,-0.07866104133231197,0.7696785955727155,0.6996454814319019,0.9257662382914659,0.08470431209929973,0.6046939413504384,0.9234020964908534,0.8911766178070395,0.791910297143064,0.7087850002256043,0.9727448105328825,0.6285063026347036,0.33267890602795536,0.8084170462542708,0.956491761392622,0.8038862349900061,0.7551965845133967
51PW,0.6339909927462176,0.6502760459055742,0.6721055427404996,0.6770174390198234,0.6120000378498437,0.3741659594066543,0.6229843447076451,0.482460033146105,0.5372947004140332,-0.5452778174140118,0.47265715517060974,0.6989194780973904,0.5085687858457522,0.7712276699333285,0.6401879941214038,0.6423395729431163,0.5419798544676949,0.47122820333146404,0.7182223683443023,1.0,0.7428876292295876,0.605673136775566,0.33192123392573175,0.577542002885223,0.7478928629141126,0.7465221945906899,-0.20382193732892476,0.7641317248695825,-0.2284373493191088,0.456584385129368,0.7148668578999977,0.5945939975070357,0.6577236131910057,-0.2249285527356512,0.731873890130948,0.6313882958604882,0.551728780142168,0.648948611664849,0.36365476244610045,0.5107440353897619,0.6543111530351712,0.6594256236200359,0.6903792021380176,0.7605462347295713,0.23823577514687527,0.44497574192474604,0.6630138545683473,-0.15560601285331271,0.6354292155534086,0.6298065367038368,0.7648354926642473,0.09226762164473161,0.7174367002021527,0.6271399442115101,0.6323180428501891,0.5373014536662055,0.6190199339498306,0.7221706057549138,0.4158310961116732,0.25285231840692857,0.6538740335815025,0.6936770784611218,0.5484838969537962,0.56589211743577
6FH5,0.8828805676688027,0.8457843047865821,0.6199292972745595,0.8460222506734767,0.810538335307686,0.420040595256658,0.8334960362081724,0.7558779776093023,0.6073830073404114,-0.6040220852555587,0.5731687951082038,0.9554602389386833,0.6601972503520978,0.9367882717251296,0.8539476149803397,0.8923870469403755,0.5943031276534484,0.677211708765679,0.8798514563963326,0.7428876292295876,1.0,0.7648609372398295,0.475013963520115,0.7601779075741477,0.9513742728496567,0.8710299080020295,-0.05868001364814,0.9029365821631806,-0.36679704053171036,0.5475656497064391,0.8817001781192482,0.8563896700945683,0.8834381127605276,-0.28732947940821646,0.9088204237078323,0.8278617054923089,0.6091522539923696,0.8900461181206084,0.42911372846839674,0.6731306803873578,0.8951022418062791,0.8388879899232609,0.9353439923985178,0.9248382808172824,0.30183518084874045,0.5259169874714499,0.8353656747006027,-0.11691539106354992,0.8002347667555636,0.7317883230663422,0.9346636490477344,0.052435305507268305,0.6575461711469216,0.8399619508054794,0.8700406589534482,0.7109602302643165,0.6081167940784307,0.9048756644029539,0.5047323423174115,0.3662961084795748,0.9109205432657375,0.8524365072039812,0.6828813023320959,0.7473649523601082
6VV2,0.7291173720577022,0.80132750271959,0.4970871414266496,0.6858076745481955,0.6456798032848874,0.418831920501571,0.6937325152740245,0.651866243790185,0.6784723582105611,-0.5528263263590906,0.5181933652904199,0.7326835066251642,0.6575582848405761,0.8051890604281858,0.7111535747106367,0.6716308427998064,0.4735856733234465,0.5112225548804293,0.8491855603089048,0.6056731367755659,0.7648609372398295,1.0,0.44007616508603836,0.6152112536019982,0.7297923117023732,0.8318332644614973,-0.06626695791721232,0.6961169332506416,-0.4362072066164881,0.5802309219151541,0.8500310637538908,0.7270604628438034,0.7605129709812842,-0.28696028207063673,0.8191358117689661,0.8046160902857226,0.557363467549868,0.7414180235286653,0.5326836684490344,0.5277108154198432,0.7704504144543485,0.831168825519503,0.7290208685869781,0.8315861854988147,0.26594468722475084,0.5771705044094384,0.8103008213066505,-0.0847892517561982,0.6689329066151604,0.5854163704151443,0.8067305145592983,0.10478245189304353,0.5159327045358767,0.8105077504915142,0.7942019351256498,0.7080091252533861,0.6133699050237592,0.8485464726035792,0.5576151851615706,0.3001184784441888,0.7029299952014425,0.8149165309929568,0.7357532870664908,0.6547698003214973
80GC,0.4934346781082718,0.46577140921601656,0.2253862857098365,0.44770063859334347,0.39382267324192627,0.06707459657928497,0.49530367424617616,0.4520599044818904,0.1630246257499728,-0.1038603491981152,0.14436398579157975,0.4629729877774705,0.3158126823481003,0.48158238838783385,0.4698719513425087,0.44814342656648753,0.3902676400411532,0.546671481441912,0.48752961120832455,0.33192123392573175,0.475013963520115,0.4400761650860384,1.0,0.38605247688956457,0.4547680367489329,0.4662958791386598,-0.0009964210436760748,0.44992117340313986,-0.13139058554454774,0.35029808848133953,0.4789067302848023,0.48631741947271995,0.46699741764187,-0.08960009977557028,0.4823473474798582,0.49836040986719005,0.4168333828478059,0.45516459306875157,0.08796613819098122,0.4915932703811649,0.48075390615254976,0.47546203237079704,0.4815541797608474,0.4825161134482743,0.2274055390975515,0.3494210689216986,0.4821687904039756,0.02436114643545143,0.5543347291252773,0.5244442738986766,0.4838848425730519,0.19175966489674695,0.24239639795848542,0.49474993569693965,0.4805230687026794,0.4335986868168545,0.1374137963291314,0.48489332181722494,0.11352868841058884,0.3061641035777876,0.4804164614969911,0.4840495438159794,0.2752414615314369,0.5864287183807876
94GU,0.7569063878174507,0.6954070173525974,0.476744625106006,0.7065614020808033,0.6798852291322686,0.3583070332518636,0.7077804770062509,0.6563453308334161,0.5246086699253055,-0.5293604191031615,0.4860236924770499,0.7738233714494971,0.5574008548068047,0.7467120958555747,0.6892026155720666,0.763604210642548,0.47731089338929644,0.5587918724215392,0.6936802782244303,0.577542002885223,0.7601779075741477,0.6152112536019982,0.38605247688956457,1.0,0.7735590736688148,0.6858598861720652,-0.01252935896314061,0.720554228458905,-0.3665823218863369,0.44766706854985167,0.6878798761198485,0.7299078403849197,0.7399895060605558,-0.23214948450939682,0.7125641018183695,0.6805280872221298,0.4406413840254931,0.7395263005771375,0.4103945405233134,0.4889782590521392,0.7486880708457653,0.6631860799020171,0.7506869227480654,0.7223669391507513,0.19784355538805934,0.4231679293598118,0.653441935818772,-0.0950025210240645,0.6283591748277402,0.5519465743901801,0.7514953667724436,0.06984098364791828,0.5105522605293661,0.6793289867754241,0.7240427109084353,0.594046213915775,0.4928359936569146,0.7115550166648009,0.4421723394396332,0.2895128591692366,0.7455492707451371,0.6678248292955092,0.5602327110896936,0.5799258786902176
98BT,0.8793128565720976,0.8307309776028728,0.6401824607746595,0.8742429691994961,0.8102462764598961,0.39494740993678645,0.8298909771186687,0.7246528647462204,0.5979672929926249,-0.6064714400857723,0.5559753556692411,0.949310685721833,0.628340829820657,0.9297085820207815,0.858230097445965,0.8900155715028095,0.5787543794884693,0.6843863569447133,0.8424919767727114,0.7478928629141127,0.9513742728496567,0.7297923117023732,0.4547680367489329,0.7735590736688148,1.0,0.8397979084663696,-0.09946531130805678,0.9145887977483687,-0.3305155283808464,0.5225318860610115,0.8406765989843386,0.8471474068640736,0.8736999059327959,-0.274703151159112,0.871542955480299,0.7936634967938488,0.5881372274046218,0.8853918016463649,0.42407804642882974,0.6644050558289236,0.8829562596687716,0.7964021633942823,0.9152604124030265,0.8970340885978659,0.29813362816507194,0.4976386814722175,0.7969199349744102,-0.12044293834356844,0.7945115172267423,0.7271702387501378,0.9282593524382446,0.06216432135620271,0.6955748947006705,0.8031306563822619,0.841941332005895,0.6692769599301153,0.5957646223225772,0.8643938156635557,0.48195696920285014,0.3412545482587899,0.8881402024966506,0.8116282803341445,0.646568015552261,0.7238733396175597
9Q6R,0.8007592896127754,0.8720916149759612,0.6338556476740614,0.8021860724613954,0.7297988136279754,0.4729505375799986,0.7713487800798136,0.6891011851722619,0.6595998816997364,-0.6264285887861223,0.56520987049428,0.8363140852962432,0.7426510048019893,0.9245693104884795,0.8111180192369777,0.7467263682863078,0.5482189125052119,0.5617742239897323,0.9686751720457843,0.7465221945906899,0.8710299080020294,0.8318332644614972,0.4662958791386597,0.6858598861720653,0.8397979084663696,0.9999999999999998,-0.10889932488818967,0.828825123228049,-0.42109824427093956,0.6351533049160659,0.958980218718547,0.7754921632759559,0.8382494323993288,-0.3195944052925186,0.9383810180971274,0.8627606018562874,0.6723509377882727,0.8090607977892078,0.4738177820124207,0.5933706988056809,0.8356267108606263,0.9238759987948184,0.8375998437448415,0.9549353834484416,0.2969335505815427,0.6254606005573389,0.9253459993956448,-0.11028475166261262,0.7577169372053546,0.6823938870891162,0.9187148523442152,0.07098681530273306,0.6615472082169047,0.8787983730191865,0.8487133421921446,0.7722879660043479,0.7190140175052057,0.9546988529405748,0.5930344188133488,0.3214164669937828,0.8069660486868968,0.9357739185557288,0.7783338402211539,0.7336019890648605
9T8E,-0.013082688694663704,-0.06660185266272546,-0.24966017525138973,-0.14104978971630538,-0.10583467652634224,0.0013255495239650212,-0.02867469610162074,0.10164652174323643,-0.09337118597048234,0.055088225618767896,-0.06165356976374251,-0.06924110532908105,0.027115024648810524,-0.09323149271628232,-0.12160986378521042,-0.015578100204507297,-0.009886757676404298,0.008038411745277689,-0.05844925982804265,-0.20382193732892473,-0.05868001364814001,-0.06626695791721232,-0.0009964210436760748,-0.012529358963140612,-0.09946531130805679,-0.10889932488818967,1.0,-0.10532748506740855,-0.146885275971024,-0.061137125967077495,-0.06715960662224228,-0.014967528568356286,-0.03998049927634942,0.010691413493421186,-0.03798609203990485,-0.06665303200221726,-0.08644382239550662,-0.07790038273680738,-0.0651572270958402,-0.022227457827638877,-0.016268727534232776,-0.026676377466604173,-0.05431882230983952,-0.08110208966822045,-0.03142574519487644,-0.07506208586353232,0.015432421262115373,0.1621465873649183,-0.13436573221502165,-0.0888265007218388,-0.08190126463360929,-0.08992174815896473,-0.3007210197710735,-0.02788463386305571,-0.009585986842176392,0.09743892134767188,-0.14549224497078384,-0.04659159176982917,-0.03656925887336767,0.05273883853523173,-0.0348118789561109,-0.05654089366677188,0.04332768843017909,-0.05270146760828822
9U7M,0.8314084020906759,0.8008296534720787,0.6666199434654365,0.8487403589844692,0.7730058593289895,0.38277466351015343,0.8005499938318301,0.6903757821275879,0.5579495697267723,-0.548218660056905,0.5215484076665741,0.9042717118605496,0.5966768506772019,0.891105639004499,0.8230448864164778,0.8381014000554728,0.5831609519061964,0.6755895754455543,0.8201034631870738,0.7641317248695825,0.9029365821631806,0.6961169332506415,0.4499211734031398,0.7205542284589049,0.9145887977483687,0.8288251232280489,-0.10532748506740855,1.0,-0.2675609883905877,0.5027269403825446,0.8168561323837877,0.7848046639624753,0.8046139171160879,-0.25382215708104056,0.8503840289937646,0.7472847352483221,0.621209376711132,0.8300436923204266,0.3669153650035487,0.680511911877165,0.8053882253269175,0.7748200683463197,0.8994981637057988,0.8695859602208426,0.32437632167545105,0.4866910160804989,0.7828762075417354,-0.10626637444159742,0.7955405296514362,0.7565198592465312,0.8865949582101689,0.0628356042475036,0.7217818869178044,0.761868495356967,0.7696977740017541,0.6376386205470373,0.573928779149218,0.8324468620438664,0.43341152162131963,0.3434058251015024,0.8526776328615447,0.8039358350895034,0.6063221611456041,0.744976256094
AO86,-0.4260171980953821,-0.4281290949057361,-0.14576226939463405,-0.27935133222522873,-0.31475695938936116,-0.3507288165176808,-0.4348920224861144,-0.5416326180569022,-0.3748737027450771,0.42329061883257724,-0.3500076004978953,-0.3443966734334974,-0.5009260514395184,-0.3748091214810384,-0.30385472820540244,-0.3566232386234624,-0.14249397342758005,-0.1304043959925404,-0.4464610511970668,-0.2284373493191088,-0.36679704053171036,-0.43620720661648804,-0.13139058554454774,-0.3665823218863369,-0.33051552838084647,-0.42109824427093956,-0.146885275971024,-0.2675609883905877,1.0,-0.27341010220700834,-0.46026424927678683,-0.41483621266149295,-0.4336581042511004,0.22269768283207925,-0.4021153095068017,-0.4890677649219126,-0.06606630781358484,-0.40634966491623364,-0.4570286614167981,-0.07754174802663297,-0.4483191578858935,-0.4682374473402106,-0.31935879103018183,-0.40662682178224735,-0.09664627373482865,-0.3509727305494255,-0.44261639239404305,-0.11456784793857577,-0.21509305048083033,-0.10403739758880401,-0.3848504065981396,-0.10343580037537096,-0.12805736985322475,-0.4812797285152864,-0.505109436837368,-0.577306117295981,-0.3999379261723866,-0.46345731257135697,-0.5220312544072119,-0.1580770986649751,-0.3900464827162996,-0.41024227579178657,-0.5891305761493791,-0.1769137989852341
B23O,0.49652829988643304,0.5884248609880891,0.3789013206404198,0.48754573551075087,0.4709670831105628,0.36851658840867235,0.4635136643925043,0.4011804516473361,0.46267624307921357,-0.4369106541262003,0.41069447083472865,0.5245501516776387,0.5769155085628133,0.5691072652920539,0.4986647677987143,0.48764347264576124,0.3659898823390879,0.3681387069765027,0.6481938327817841,0.45658438512936805,0.5475656497064391,0.5802309219151541,0.3502980884813395,0.4476670685498517,0.5225318860610115,0.6351533049160658,-0.061137125967077495,0.5027269403825447,-0.2734101022070084,1.0,0.6443496684478529,0.5262419895016794,0.5371172798820367,-0.21525923578406322,0.5931609092915708,0.6153779278201004,0.42283116094194423,0.527063202424411,0.40272215635404907,0.3785443773598924,0.5452824556753024,0.6468748049183815,0.5213873817783178,0.6008348033050716,0.1592739662778534,0.6168244592277542,0.6124592068658996,-0.23905698376242657,0.4768258079760599,0.4344002531302229,0.5734799494664646,0.021242038872412057,0.38585527703308153,0.6203923622608655,0.575160606751909,0.5297359687862842,0.473705400214694,0.6330843769428421,0.5546535494590541,0.21089166546009463,0.4909002879264732,0.6157118227491194,0.6049765998895118,0.4866646447169681
B5I6,0.8124760204039695,0.8859791278657427,0.577866802982793,0.7892244589751323,0.727646784067739,0.4935162341350669,0.7729545262106038,0.7197257605810496,0.6699323699995153,-0.6413760283106774,0.5751915749375794,0.8433669873780805,0.7526010569613206,0.9307368497527604,0.8066500527356274,0.7770868752377867,0.5577510978759406,0.5825869047863887,0.9738883855516768,0.7148668578999977,0.8817001781192482,0.8500310637538908,0.47890673028480235,0.6878798761198485,0.8406765989843386,0.958980218718547,-0.0671596066222423,0.8168561323837878,-0.46026424927678683,0.6443496684478528,1.0,0.8013326872157682,0.8625389067050759,-0.3469161074671854,0.9508540517394525,0.8965132013672953,0.6629190106682462,0.8264033652500122,0.49551909839574193,0.6046359655172747,0.8725122311550646,0.9441744747976224,0.8434682510174216,0.9615765564788651,0.3074306975833458,0.6309009521618528,0.9383942451858552,-0.08848554846985346,0.7568174630515068,0.6812158009056287,0.9294632326114308,0.06780869396509687,0.6037429860036387,0.9118478386533968,0.8938945481209429,0.7865867336026433,0.7034426285846259,0.9779273526933956,0.6201530696276745,0.3381252424653118,0.8073305828195677,0.9381365374143105,0.8130121284247608,0.7388424293011281
C22U,0.8524000808830084,0.8099443752514105,0.42764991344302855,0.7633915427654472,0.7306380910214123,0.35270935296134814,0.8327026235982118,0.7636066402095941,0.5916414499386415,-0.5492996130143435,0.5899073511893655,0.8505269026566658,0.6302453647883892,0.8333833568040263,0.7767913663634389,0.8716676454077603,0.5540074802347862,0.6574495336280313,0.807635968261265,0.5945939975070358,0.8563896700945682,0.7270604628438035,0.4863174194727199,0.7299078403849198,0.8471474068640736,0.7754921632759559,-0.014967528568356286,0.7848046639624753,-0.414836212661493,0.5262419895016794,0.8013326872157681,1.0,0.8840141362462755,-0.2554256094056444,0.8050609873248413,0.8352611122017052,0.5080062104478593,0.9191537238666648,0.47375824089335333,0.6067360714996599,0.8969598688057617,0.7845153900829246,0.8325536037743956,0.8088580497403685,0.3001253144858925,0.5019358899154449,0.7618398718628553,-0.1038285643712342,0.7773507703988456,0.665434411955293,0.8436463343882091,0.09853834329804015,0.4567882914307934,0.8412645319295127,0.8824692164723633,0.679868200245633,0.5341774768552591,0.8170747195594854,0.5190263012694434,0.3502244728730094,0.8341763274424582,0.7820966605149684,0.6379754883765958,0.7179866785341226
C88N,0.8526680546555968,0.838743584758014,0.4676794883109485,0.8178440274198663,0.728965959858145,0.42363110085104694,0.8094922396965092,0.7386778251016073,0.6584202185657132,-0.6659548398775824,0.5651593873951433,0.8575115556744275,0.6434819312423005,0.9175948430665047,0.7975159158052441,0.879384499812331,0.5632108948235773,0.6112149752181417,0.8596186625778742,0.6577236131910057,0.8834381127605276,0.7605129709812842,0.46699741764187,0.7399895060605558,0.8736999059327959,0.8382494323993286,-0.03998049927634942,0.8046139171160879,-0.4336581042511004,0.5371172798820368,0.8625389067050759,0.8840141362462753,1.0,-0.28221412120535655,0.8909982047780746,0.879602929485133,0.56388266210597,0.8851207465283673,0.49806402801545424,0.5766531308709094,0.9760002444418351,0.8285050314671211,0.849274753062043,0.8853099876372634,0.3139601633099694,0.5225045610419792,0.81145103674486,-0.11977215055963598,0.7312234244394124,0.6490026605891245,0.9193942532283081,0.03352165022255245,0.5058951214492463,0.8925051851865502,0.9572107229032694,0.7118035760311141,0.631631431388914,0.8842698293168912,0.5703611331508436,0.35080491522920726,0.8491117338734454,0.8342399353788985,0.6810865894595849,0.7074689285926079
DC61,-0.2466052043825024,-0.2944320654210507,-0.19306618367763337,-0.24969496020806073,-0.23055338819241827,-0.20303168636420407,-0.21019030965909238,-0.23403677082942653,-0.2623592555462586,0.2722864881184789,-0.22006516229781403,-0.27218000247407986,-0.2945695543057364,-0.30596098370471697,-0.2328419690543494,-0.25635204770183984,-0.1521704814274262,-0.1794054778438185,-0.34013543765687315,-0.22492855273565118,-0.2873294794082164,-0.28696028207063673,-0.08960009977557028,-0.23214948450939682,-0.27470315115911204,-0.3195944052925186,0.010691413493421186,-0.25382215708104056,0.22269768283207925,-0.2152592357840632,-0.3469161074671854,-0.2554256094056444,-0.28221412120535655,1.0,-0.3297438337043358,-0.2972722881543072,-0.09288120637231594,-0.25638909337512245,-0.20118642054659713,-0.1786025353128243,-0.29355746852300374,-0.3246551471324583,-0.26965350663014465,-0.3262621005366369,0.011806578040864246,-0.2057069100806208,-0.32546413456385503,0.008954044202085409,-0.21670011998697375,-0.19506142488904932,-0.3120427432574567,-0.07086676868283123,-0.19756291244532317,-0.297909898779328,-0.30620987877409594,-0.2626544012533367,-0.2879183781149761,-0.35093238427453394,-0.2641004067393855,-0.0047714726466853655,-0.2312313509222681,-0.31390138312277904,-0.35856082791238103,-0.19295525553252188
E3B6,0.8294289431710647,0.8748751626925306,0.5639209305660787,0.8322090616379939,0.7411935019055502,0.45833929878305957,0.799731855961965,0.7304479104199089,0.6612102983053076,-0.6243422545687031,0.5621200934282659,0.8732552337839113,0.7130017717095474,0.9604581550826997,0.822983662012695,0.8078945075182183,0.5827482012657893,0.628198561141926,0.9511891080293596,0.731873890130948,0.9088204237078323,0.8191358117689661,0.48234734747985814,0.7125641018183694,0.871542955480299,0.9383810180971274,-0.03798609203990485,0.8503840289937646,-0.40211530950680174,0.5931609092915708,0.9508540517394526,0.8050609873248413,0.8909982047780746,-0.3297438337043358,1.0,0.8670827559853409,0.6771942833377838,0.820733362519288,0.4324558376582344,0.6694303900251426,0.8911646883886495,0.907310382344143,0.8966664535269652,0.9725140101295001,0.3468861788538323,0.5784771697284135,0.9159496322851823,-0.08922173613996166,0.788740871252848,0.732235715772402,0.9606190133173039,0.07837192113687974,0.6006197670681818,0.8848449641095968,0.8844959520257473,0.773585314892017,0.7032103288377192,0.9688780676066848,0.5570911049508255,0.34949011725249657,0.8428126055271876,0.9238346183048577,0.748180568344302,0.771907315518605
E6R3,0.7918505488199611,0.8485293071507373,0.45670899161499134,0.7335652068477472,0.6868693981846008,0.4351829770781479,0.7573423483498529,0.704988571118366,0.6460955890345936,-0.6087071342410765,0.5494375264997635,0.7934451681640109,0.7102919877417729,0.8566781217362825,0.752741849228854,0.7819365757977441,0.5393523484797216,0.5736641156402393,0.9011584039690632,0.6313882958604882,0.8278617054923088,0.8046160902857226,0.4983604098671901,0.6805280872221297,0.7936634967938488,0.8627606018562876,-0.06665303200221726,0.7472847352483221,-0.4890677649219126,0.6153779278201004,0.8965132013672952,0.8352611122017052,0.879602929485133,-0.2972722881543072,0.8670827559853409,1.0,0.5844595948046206,0.8319084800628487,0.5330630020894205,0.5479815244197196,0.8928523295129753,0.8941443086428158,0.7898725151524572,0.867251087957166,0.2920684150526802,0.6082874173942525,0.8593079241811157,-0.08401432870423474,0.712183988888263,0.62631269513452,0.8643711174180926,0.07594538505859215,0.4843872488958158,0.940613604918359,0.9252664041732053,0.7412070960135647,0.6240949788519625,0.8945378790683908,0.64676339844496,0.358373950738477,0.7746769009231149,0.8727087183953608,0.7597761416520642,0.7087005411791454
I07H,0.5345470986889718,0.5957453102038269,0.44929932479195167,0.5754506366420111,0.5193352163715461,0.27924007244641685,0.539987794892495,0.41578617149635727,0.4080314606876289,-0.35643118622782816,0.31615837888677056,0.5831823327484932,0.44457350752313135,0.6536773850441981,0.5977655919537329,0.509098956130334,0.4651538412435451,0.46809098569120416,0.6733715954252358,0.551728780142168,0.6091522539923696,0.557363467549868,0.4168333828478059,0.44064138402549313,0.5881372274046218,0.6723509377882727,-0.08644382239550662,0.621209376711132,-0.06606630781358484,0.4228311609419442,0.6629190106682462,0.5080062104478593,0.5638826621059702,-0.09288120637231594,0.6771942833377838,0.5844595948046206,1.0,0.5454754013119145,0.18976438550048105,0.5327868722495892,0.5597594429356729,0.6567834160253445,0.6134799131507989,0.6681646864777266,0.36818902530213077,0.44108035391064615,0.6572408190171531,-0.043495216137856,0.6069890251246082,0.6027314313208155,0.6406274463660379,0.01971302921676891,0.4924897295479834,0.6208052707053653,0.565020212433026,0.48046289194331493,0.4548965037292519,0.6514806259276041,0.2888928997327468,0.2960283418808081,0.5574619568994833,0.6747721252892565,0.41646115947528295,0.6592313365121171
I52Y,0.8636657029905337,0.8266482792430083,0.5275572636589051,0.7850216445747877,0.7730083908111511,0.40028265703383364,0.8269710243969115,0.7376650306101267,0.6208010283835597,-0.6187074292573421,0.6294049760451692,0.8816750455113403,0.6424439540174296,0.8630687511890749,0.8160984373952496,0.8708895101722927,0.5275481980099904,0.6102710557516546,0.8262996461727219,0.6489486116648491,0.8900461181206084,0.7414180235286653,0.4551645930687516,0.7395263005771375,0.885391801646365,0.8090607977892078,-0.07790038273680738,0.8300436923204266,-0.40634966491623375,0.527063202424411,0.8264033652500122,0.9191537238666647,0.8851207465283674,-0.25638909337512245,0.8207333625192879,0.8319084800628488,0.5454754013119145,1.0,0.4972652771569577,0.5604363965034048,0.8900003740778036,0.7970250069989536,0.8517838120815409,0.8401320369521598,0.31190480910606505,0.5104606524887129,0.778416541735608,-0.12177011142342199,0.7514201734864034,0.6416906978570456,0.8645766161205338,0.030064289573539786,0.5630209102308873,0.8410417772093216,0.8787419768646162,0.6613325255573294,0.5754832742536409,0.8345994292675444,0.5378844402183991,0.3498539192179835,0.8472295861697972,0.796801187160575,0.6597272991486971,0.6986255775040219
I9D6,0.37108764285256274,0.4837496506547801,0.3039020363451447,0.3579742721112777,0.3842550075861349,0.469347253048869,0.3149487512376086,0.31740134739726245,0.6648921883711908,-0.658276756285031,0.5351322179706165,0.4145776045108744,0.48348766395025444,0.44076203201707315,0.36107333937683805,0.4176350729832479,0.1927882552505027,0.1049871680768589,0.4891561624797392,0.3636547624461005,0.42911372846839674,0.5326836684490345,0.08796613819098122,0.4103945405233134,0.42407804642882974,0.47381778201242075,-0.0651572270958402,0.3669153650035487,-0.45702866141679804,0.402722156354049,0.495519098395742,0.4737582408933534,0.4980640280154542,-0.20118642054659713,0.4324558376582345,0.5330630020894205,0.18976438550048105,0.4972652771569577,1.0,0.08532402142540503,0.5033695131610328,0.4993458075490985,0.3687246626050502,0.4502168098652029,0.03641573622913924,0.368414793398629,0.4406691649234427,-0.15118360196592356,0.23453774765065816,0.15634835573363798,0.44480566891524964,-0.09568491917857469,0.30965550628728783,0.5333637371125064,0.5463429329233369,0.35853691795976855,0.578688764288671,0.4825258249436303,0.7074792677922235,0.0855664510700874,0.3482358339296054,0.4494420112163991,0.610165078006362,0.19963364489803992
IZ20,0.6559791283492736,0.60269454405286,0.41928968423596363,0.643715780027005,0.5586694371337148,0.06521420150288995,0.6623312397234977,0.5539915259132948,0.29822295651539577,-0.105896745016678,0.21350561716286295,0.6764237701325392,0.37947566755985634,0.6770543217008359,0.6330319242100058,0.5994693966352312,0.5552982296722251,0.8353035316602249,0.6219866181308903,0.5107440353897619,0.6731306803873578,0.5277108154198432,0.49159327038116496,0.48897825905213926,0.6644050558289236,0.5933706988056809,-0.022227457827638877,0.6805119118771651,-0.07754174802663297,0.37854437735989244,0.6046359655172747,0.6067360714996599,0.5766531308709093,-0.1786025353128243,0.6694303900251426,0.5479815244197197,0.5327868722495893,0.5604363965034048,0.08532402142540503,0.9999999999999998,0.5835654430869089,0.5758036497362229,0.7236792192210456,0.6635390372036221,0.3821968616105562,0.356413073222354,0.6301959145656915,0.05461766703476874,0.8692556232811988,0.9097558485708792,0.678562070415203,0.44922413429919766,0.462075991497916,0.5598764195949159,0.5462164108924549,0.5234050946027557,0.3461951162701793,0.6305416690529753,0.1449820099880674,0.29691377330948404,0.681679225511094,0.6159134046485093,0.3776929924679349,0.77585221907805
J7F9,0.8699442933968724,0.8526383367672752,0.4649539753377652,0.8094466683796655,0.7343168773129224,0.4232791861981927,0.8164947734789859,0.7560289488607286,0.6512897594840581,-0.6635997146145155,0.5607974234796236,0.8676579222214734,0.6520924798609913,0.9242459828618582,0.7979948287626939,0.8942826305263791,0.5827742858473685,0.63383228336601,0.8703052738939966,0.6543111530351712,0.8951022418062791,0.7704504144543484,0.4807539061525497,0.7486880708457653,0.8829562596687716,0.8356267108606263,-0.016268727534232776,0.8053882253269173,-0.44831915788589355,0.5452824556753024,0.8725122311550646,0.8969598688057618,0.9760002444418353,-0.29355746852300374,0.8911646883886494,0.8928523295129753,0.5597594429356729,0.8900003740778037,0.5033695131610328,0.5835654430869088,1.0,0.8433137667380294,0.8478627382110435,0.8937781357281867,0.30274292259919494,0.5239351985545356,0.8227576671763157,-0.11418241830635834,0.7388835917550711,0.6548356923843276,0.9302338504703336,0.03981252459133159,0.5025266845443617,0.9010132650170827,0.9758043856510438,0.7285439370776372,0.6118416285231508,0.8990875405428144,0.5712304351315071,0.3510400649642222,0.8511931989479703,0.8403050990691235,0.70018488016929,0.7132508480600749
K9P0,0.7834065001473657,0.8662922900548059,0.521677199276372,0.7350040728153547,0.6884527265062005,0.5016395139024735,0.7507161610123174,0.706206282546236,0.6668551555878376,-0.606447145312798,0.5530047310566641,0.8012818162984187,0.7633906308520451,0.8748090961515163,0.7613514335139897,0.7479674187879329,0.5483044749417053,0.5689920507226549,0.9568037522092049,0.6594256236200359,0.838887989923261,0.8311688255195031,0.475462032370797,0.6631860799020171,0.7964021633942823,0.9238759987948184,-0.026676377466604173,0.7748200683463197,-0.46823744734021056,0.6468748049183815,0.9441744747976224,0.7845153900829246,0.8285050314671211,-0.3246551471324583,0.9073103823441429,0.8941443086428158,0.6567834160253445,0.7970250069989537,0.4993458075490985,0.5758036497362229,0.8433137667380296,1.0,0.8026969725310513,0.90892676926788,0.31149880865708734,0.6406836653250503,0.9282711257247501,-0.049289061391563596,0.7196610712419196,0.6487279750649609,0.8748303817358127,0.049029883672814425,0.5447367841074152,0.9391006821862486,0.8741523532401856,0.7760011586373523,0.6658519308192148,0.9344373191115379,0.6560175534121537,0.3285166935368656,0.7721099957124927,0.9294738381922736,0.7919241494533733,0.7267216717538634
L3V8,0.8673219832797741,0.8294153416361494,0.5701000109075454,0.8695516939901191,0.8113755567847962,0.3735038326529083,0.8320585301425188,0.7391316146767263,0.5672380518868687,-0.5351529170950531,0.5393316141811343,0.9580601321799632,0.6272442754518991,0.904534845865054,0.8716601256841794,0.8756551158437227,0.5748189354935771,0.6991407131223567,0.8435519440644424,0.6903792021380176,0.9353439923985178,0.7290208685869781,0.48155417976084736,0.7506869227480653,0.9152604124030266,0.8375998437448416,-0.05431882230983951,0.8994981637057988,-0.31935879103018183,0.5213873817783178,0.8434682510174215,0.8325536037743956,0.8492747530620429,-0.26965350663014465,0.8966664535269653,0.7898725151524572,0.6134799131507989,0.851783812081541,0.36872466260505027,0.7236792192210456,0.8478627382110434,0.8026969725310513,1.0,0.8870912539675916,0.34119269118600587,0.5080058129385381,0.8119706012725154,-0.09743181526183753,0.8114611838708966,0.7537868101597628,0.9047399154271973,0.06612345785043817,0.6118973909215113,0.803500921635476,0.8180992091208338,0.6824629033620851,0.5779708512889258,0.8641109252744652,0.45523353862620836,0.3834056368500167,0.9120505951743372,0.8269861366957285,0.6237801403488923,0.7750366323226121
L7J7,0.8487997987519837,0.8906404818508307,0.6333164681465384,0.8457501151966403,0.7602995678822494,0.4613397289364351,0.8086919393184551,0.7370305888001939,0.6538367378280073,-0.6390034403606889,0.5594654529209429,0.8932666118595052,0.7104466353330632,0.98311611270569,0.8425163121786399,0.8065183558678722,0.5774485794247813,0.6341626053965004,0.9573625693421023,0.7605462347295713,0.9248382808172824,0.8315861854988147,0.4825161134482743,0.7223669391507513,0.8970340885978659,0.9549353834484416,-0.08110208966822045,0.8695859602208426,-0.40662682178224735,0.6008348033050716,0.9615765564788652,0.8088580497403685,0.8853099876372634,-0.3262621005366369,0.9725140101295001,0.8672510879571659,0.6681646864777266,0.8401320369521598,0.45021680986520285,0.6635390372036221,0.8937781357281867,0.9089267692678801,0.8870912539675916,0.9999999999999998,0.3178545734120769,0.582615134314538,0.9182058708470563,-0.1019177008019208,0.8031658777441429,0.7353831719956323,0.9771286066824479,0.0950860244242883,0.6709792104596445,0.8785127501266045,0.8923985248156772,0.7771531053673355,0.6915742078477428,0.9823555321079963,0.5540561016843206,0.34590010947443184,0.8506933667921771,0.9266023121030412,0.7667135548606431,0.7600627334836085
L9G5,0.318003109367957,0.2931405925932226,0.16523010365152196,0.2894065102071281,0.2664060340303422,0.017579972451520157,0.38223410245238554,0.2908489130541627,0.1865685557243109,-0.08724424869870853,0.1502584253142112,0.2976874063748779,0.21260181805514294,0.3254693046256455,0.31500440055264356,0.2898568932137651,0.30107023822865236,0.3230293185091011,0.31136819101757607,0.2382357751468753,0.30183518084874045,0.26594468722475084,0.22740553909755148,0.19784355538805934,0.29813362816507194,0.2969335505815427,-0.03142574519487644,0.32437632167545105,-0.09664627373482865,0.1592739662778534,0.3074306975833458,0.3001253144858925,0.3139601633099694,0.011806578040864246,0.3468861788538323,0.2920684150526803,0.3681890253021307,0.31190480910606505,0.03641573622913924,0.3821968616105562,0.3027429225991949,0.31149880865708734,0.34119269118600587,0.3178545734120769,0.9999999999999998,0.1931151471137194,0.33558919417234756,0.049886009207965355,0.37428092061192386,0.37030708084264713,0.32095613952705837,0.14098400805631386,0.18568531086130477,0.3101739301322468,0.28926613663547623,0.2825071868000127,0.2269679020865477,0.3044580394515419,0.06246363908296745,0.20505937303552013,0.34541971569164226,0.3150889972502436,0.15068134589519488,0.40346873463224664
O03M,0.49283089929971646,0.571015511691539,0.3640522609707151,0.4731338178768613,0.46800617454523796,0.32627568102684884,0.47817732892592624,0.4472202577142511,0.4220612596532962,-0.3809436511732808,0.3635169070304001,0.5046132067204558,0.5336310236000987,0.5498910577669487,0.4878669956637639,0.4618704440715409,0.3490262398636876,0.3455486251555626,0.6346639725895785,0.4449757419247461,0.52591698747145,0.5771705044094384,0.3494210689216986,0.4231679293598117,0.4976386814722175,0.6254606005573389,-0.07506208586353232,0.48669101608049886,-0.3509727305494255,0.6168244592277542,0.6309009521618527,0.5019358899154449,0.5225045610419792,-0.20570691008062078,0.5784771697284135,0.6082874173942525,0.4410803539106462,0.5104606524887129,0.368414793398629,0.356413073222354,0.5239351985545356,0.6406836653250504,0.5080058129385381,0.582615134314538,0.1931151471137194,1.0,0.6047137382413305,-0.004716421524945267,0.467401743578007,0.41396057564625804,0.5486295427327086,0.0687389454989631,0.3754527993201694,0.6247709804706837,0.5585198803604108,0.5347217338481378,0.45186504526479426,0.6126458744149145,0.5133945565868069,0.21363737231268565,0.49394150044801666,0.6064919415930508,0.5702215341138435,0.4792874866719956
O21U,0.7738378403877589,0.848446827651258,0.5347596391404102,0.7508601865927954,0.6854833225539548,0.431234364318565,0.7503207198364218,0.7084969366370706,0.6302616268145428,-0.5644014599941605,0.5340262238165088,0.8007730841361298,0.7496175870032415,0.8843062176857733,0.7674406355017085,0.7247069749645307,0.536251420381317,0.601764237013968,0.9531239227459056,0.6630138545683473,0.8353656747006027,0.8103008213066505,0.4821687904039756,0.6534419358187721,0.7969199349744102,0.9253459993956449,0.015432421262115373,0.7828762075417355,-0.4426163923940431,0.6124592068658997,0.9383942451858551,0.7618398718628554,0.81145103674486,-0.32546413456385503,0.9159496322851823,0.8593079241811156,0.6572408190171533,0.778416541735608,0.4406691649234427,0.6301959145656915,0.8227576671763157,0.92827112572475,0.8119706012725154,0.9182058708470562,0.33558919417234756,0.6047137382413303,1.0,-0.02808252980968344,0.7395329274531759,0.6841206414431596,0.8824995841267431,0.09742730068442058,0.5551334727769811,0.8885139591556827,0.8458498016079941,0.7821773444870693,0.6665721924493598,0.9321901645684318,0.5837706295673943,0.3327545135603848,0.7703736296028045,0.9194509870147217,0.7814293355309245,0.7410851395050766
O6R6,-0.08442017197045351,-0.09484340996218227,-0.14314438133776178,-0.11108003637710634,-0.12533966472019173,-0.1664800370696202,-0.052064355033667666,0.05253455599004075,-0.1892843179121801,0.23908965345377217,-0.20112320198863226,-0.11080395176569934,-0.029698871702849357,-0.1149231179666972,-0.11953547707660048,-0.1133009952261455,-0.05216198028238631,0.0614297451342986,-0.07866104133231197,-0.15560601285331271,-0.11691539106354992,-0.08478925175619818,0.024361146435451432,-0.0950025210240645,-0.12044293834356845,-0.1102847516626126,0.1621465873649183,-0.10626637444159742,-0.11456784793857579,-0.23905698376242657,-0.08848554846985347,-0.1038285643712342,-0.11977215055963597,0.008954044202085409,-0.08922173613996166,-0.08401432870423474,-0.043495216137855994,-0.12177011142342199,-0.1511836019659236,0.054617667034768745,-0.11418241830635832,-0.049289061391563596,-0.09743181526183753,-0.1019177008019208,0.049886009207965355,-0.004716421524945267,-0.028082529809683444,1.0,-0.020228609574148973,0.012698199866859924,-0.11283097701602911,0.20852951706358397,-0.14574923179719276,-0.05510227169912452,-0.09756422958285794,-0.008612098975401078,-0.18394781005634028,-0.08722076265844135,-0.10504936342025098,-0.001102161610621891,-0.08357860674098577,-0.07752738517273373,-0.05012073576326001,-0.02425024409048513
P5F3,0.8061742758803389,0.7418007676677344,0.5243983759516909,0.7502912084709263,0.6795296644446683,0.18039414989739713,0.821834604609509,0.695535687461773,0.4172103382262796,-0.2642063387203794,0.35116564075608137,0.7990039488444035,0.4970732652674713,0.8140342112775031,0.7707297525918702,0.7277223833943874,0.5991923625403335,0.8380453096872764,0.7696785955727155,0.6354292155534086,0.8002347667555637,0.6689329066151602,0.5543347291252773,0.6283591748277402,0.7945115172267422,0.7577169372053545,-0.13436573221502168,0.7955405296514361,-0.21509305048083036,0.4768258079760599,0.7568174630515068,0.7773507703988456,0.7312234244394125,-0.21670011998697375,0.788740871252848,0.712183988888263,0.6069890251246083,0.7514201734864034,0.23453774765065818,0.8692556232811987,0.7388835917550711,0.7196610712419195,0.8114611838708965,0.803165877744143,0.37428092061192386,0.467401743578007,0.7395329274531759,-0.020228609574148973,0.9999999999999998,0.9317114227677995,0.8137077782448694,0.437821419941227,0.5702210595718564,0.7075726435036316,0.7106103706545791,0.6520685993239065,0.46869444278741745,0.7744918912844587,0.2791851061374733,0.32571587741012714,0.8083705074842162,0.7512791080720536,0.49973779327365203,0.8514868549160274
Q58J,0.70425649260921,0.6579391222099649,0.4984847041185117,0.6936319780258855,0.5998921921404234,0.13499978818053185,0.7167555903226904,0.5872227342021469,0.36293351757931225,-0.20110521838898918,0.2762193501464692,0.7211440466693787,0.4255352847632516,0.7477024043366488,0.6714218679523144,0.6541849148321303,0.6222129245061523,0.8409155728255978,0.6996454814319019,0.6298065367038368,0.7317883230663423,0.5854163704151443,0.5244442738986766,0.5519465743901801,0.7271702387501378,0.6823938870891161,-0.08882650072183879,0.7565198592465312,-0.10403739758880401,0.43440025313022296,0.6812158009056287,0.665434411955293,0.6490026605891245,-0.19506142488904932,0.732235715772402,0.6263126951345201,0.6027314313208155,0.6416906978570456,0.15634835573363795,0.9097558485708792,0.6548356923843276,0.6487279750649609,0.7537868101597628,0.7353831719956323,0.37030708084264713,0.413960575646258,0.6841206414431598,0.012698199866859926,0.9317114227677995,0.9999999999999998,0.7455432492765051,0.45170490611426245,0.5466684181130644,0.6288202250255506,0.6199368286696469,0.5682242162085833,0.4210391872705677,0.7010042408654708,0.2160330663796906,0.3088170537360549,0.7227861079649692,0.6871395255817111,0.423060695026203,0.8237775371656134
Q6O0,0.8796761455822115,0.8907222411536064,0.6103903352036614,0.8769836725721394,0.7721354480783308,0.441516101451954,0.8352475511912646,0.746548548915613,0.6507255776055452,-0.6383499565520496,0.5585922355631516,0.911582269945884,0.6790068244929856,0.9920126706343732,0.8596020937796581,0.8529757795373878,0.5922830809493215,0.6674713401541699,0.9257662382914659,0.7648354926642474,0.9346636490477344,0.8067305145592983,0.4838848425730519,0.7514953667724437,0.9282593524382446,0.9187148523442152,-0.08190126463360929,0.8865949582101688,-0.3848504065981396,0.5734799494664646,0.9294632326114308,0.8436463343882092,0.9193942532283081,-0.31204274325745673,0.9606190133173039,0.8643711174180926,0.6406274463660379,0.864576616120534,0.44480566891524964,0.678562070415203,0.9302338504703335,0.8748303817358126,0.9047399154271972,0.9771286066824479,0.32095613952705837,0.5486295427327085,0.8824995841267431,-0.11283097701602911,0.8137077782448694,0.7455432492765051,1.0,0.09493583310222718,0.6587258345931092,0.8699056161606983,0.9036605751329755,0.758859849289442,0.6707816098420696,0.9554036266212974,0.5277082779840466,0.3487761617460018,0.8708162056885859,0.8969226896342236,0.7356012895262269,0.7597401956858205
R42Q,0.15839063963665267,0.07569275719958465,0.07461829814347126,0.06661389755041204,0.06754136079716551,-0.2600261903996009,0.2100129227463741,0.24969152902314565,-0.0772818865066295,0.3377370057594594,-0.15167845537844513,0.05248744758914729,-0.025948909507870915,0.090876769072631,0.06747167347460307,0.017453303050918002,0.15968736762476943,0.39788087670938993,0.08470431209929973,0.0922676216447316,0.052435305507268305,0.10478245189304351,0.19175966489674695,0.06984098364791828,0.062164321356202715,0.07098681530273306,-0.08992174815896473,0.0628356042475036,-0.10343580037537095,0.021242038872412057,0.06780869396509687,0.09853834329804013,0.03352165022255245,-0.07086676868283123,0.07837192113687975,0.07594538505859216,0.01971302921676891,0.030064289573539786,-0.09568491917857469,0.4492241342991976,0.03981252459133158,0.049029883672814425,0.06612345785043816,0.09508602442428832,0.14098400805631386,0.06873894549896309,0.09742730068442058,0.20852951706358397,0.437821419941227,0.45170490611426245,0.09493583310222718,1.0,0.07373687042681644,0.02937222530460189,0.032148544766648864,0.183866111717235,0.04835710807083615,0.08134890652396831,-0.1593335888442835,0.00843256292058296,0.13030449276819447,0.06515490338235896,0.030362550349157157,0.2446520721837237
R5K7,0.5439715791508651,0.5686396974335101,0.9452946290455585,0.6385633331735937,0.606660523989975,0.3599226127398464,0.5110532635169075,0.381671705435229,0.4585523487229329,-0.4796393809323251,0.4173754463435106,0.6566041435377096,0.4044631234286195,0.6735833509729948,0.6200412544990453,0.49524123096823797,0.37711822238080495,0.3931080156106394,0.6046939413504384,0.7174367002021527,0.6575461711469216,0.5159327045358767,0.24239639795848542,0.5105522605293661,0.6955748947006704,0.6615472082169047,-0.30072101977107357,0.7217818869178044,-0.12805736985322472,0.38585527703308153,0.6037429860036387,0.4567882914307934,0.5058951214492462,-0.1975629124453232,0.6006197670681818,0.48438724889581586,0.4924897295479834,0.5630209102308872,0.30965550628728783,0.46207599149791595,0.5025266845443617,0.5447367841074151,0.6118973909215113,0.6709792104596444,0.18568531086130477,0.37545279932016945,0.5551334727769811,-0.14574923179719276,0.5702210595718564,0.5466684181130644,0.6587258345931093,0.07373687042681644,1.0,0.48184644506410784,0.47890875160491914,0.4248310342439521,0.5602626260507465,0.6120016163100979,0.3452902777027405,0.17116935349047513,0.5819337787927503,0.5793346120170801,0.476708635235339,0.4730428295781045
R7D1,0.7975309111789219,0.8552744311219541,0.4538473360998195,0.742264431725376,0.6907984131377749,0.4450342615757358,0.7596083906965825,0.715564354973738,0.6869906697279301,-0.6276275130700526,0.5630930400942965,0.8061400242973331,0.7264018586090958,0.8688974037003069,0.7655473643424086,0.7956333206744626,0.5467735854550191,0.5782322616434091,0.9234020964908534,0.6271399442115101,0.8399619508054793,0.8105077504915142,0.49474993569693965,0.6793289867754241,0.8031306563822619,0.8787983730191865,-0.02788463386305571,0.761868495356967,-0.4812797285152864,0.6203923622608656,0.9118478386533967,0.8412645319295127,0.8925051851865502,-0.29790989877932805,0.8848449641095969,0.9406136049183588,0.6208052707053654,0.8410417772093216,0.5333637371125064,0.5598764195949157,0.9010132650170827,0.9391006821862486,0.803500921635476,0.8785127501266046,0.31017393013224687,0.6247709804706837,0.8885139591556827,-0.05510227169912452,0.7075726435036316,0.6288202250255506,0.8699056161606982,0.029372225304601887,0.4818464450641079,1.0,0.9364994844624456,0.7406976495113848,0.6433920921278465,0.9072483440776332,0.6974647742619389,0.3526138058022228,0.7845873439674409,0.8991540014508601,0.7542369985944322,0.7250311391759015
R9K3,0.8378165118021952,0.8578886464574791,0.4485232237493038,0.769081390486406,0.7165193680223118,0.450055197422731,0.7881353810524321,0.7498644289604326,0.6699245207606411,-0.6812900494240186,0.5734282990712786,0.839550564139218,0.6932996814103151,0.9016027375574315,0.7778612563908812,0.8554294462280064,0.5504977112390129,0.5899426966712717,0.8911766178070395,0.6323180428501891,0.8700406589534483,0.7942019351256498,0.4805230687026794,0.7240427109084352,0.841941332005895,0.8487133421921446,-0.009585986842176392,0.7696977740017541,-0.5051094368373681,0.5751606067519089,0.8938945481209429,0.8824692164723632,0.9572107229032693,-0.30620987877409594,0.8844959520257473,0.9252664041732053,0.5650202124330261,0.8787419768646162,0.5463429329233368,0.546216410892455,0.9758043856510437,0.8741523532401856,0.8180992091208338,0.8923985248156773,0.28926613663547623,0.5585198803604108,0.8458498016079941,-0.09756422958285793,0.710610370654579,0.6199368286696469,0.9036605751329756,0.032148544766648864,0.47890875160491914,0.9364994844624456,1.0,0.7426072176445646,0.6326944903307681,0.9120670189427905,0.6385738625432757,0.35376743562227475,0.8196800509440901,0.8581604180720918,0.7488709758594667,0.6982159729182063
SM54,0.7613829556517355,0.7375995066336554,0.41944972168501055,0.6235082958839572,0.5829431472208573,0.3617403962150953,0.768450819696479,0.7572125734177106,0.47169516699356,-0.41277247288223917,0.40428993418417286,0.67654006031109,0.6420840364254038,0.7456895576972538,0.652006725640626,0.6341656482582096,0.45575878708519907,0.5300374683721958,0.791910297143064,0.5373014536662054,0.7109602302643165,0.7080091252533861,0.4335986868168545,0.5940462139157751,0.6692769599301153,0.7722879660043479,0.09743892134767186,0.6376386205470375,-0.5773061172959809,0.529735968786284,0.7865867336026433,0.679868200245633,0.711803576031114,-0.2626544012533367,0.773585314892017,0.7412070960135648,0.48046289194331493,0.6613325255573294,0.35853691795976855,0.5234050946027557,0.7285439370776373,0.7760011586373523,0.6824629033620851,0.7771531053673356,0.2825071868000127,0.5347217338481379,0.7821773444870693,-0.00861209897540108,0.6520685993239065,0.5682242162085833,0.7588598492894421,0.183866111717235,0.424831034243952,0.7406976495113848,0.7426072176445645,1.0,0.5162455509696181,0.8040379912490911,0.4491379371061281,0.3006778725323243,0.7345797838741237,0.7567342176778654,0.6833073471479499,0.6305888431688244
T54A,0.5057431619209859,0.6242030730537748,0.5328593458517812,0.5505356692543051,0.5431095265706964,0.514179152596558,0.4765233924325943,0.40203700740608533,0.8136383431993465,-0.7582657785613452,0.653264597406772,0.5770797214163925,0.5880788173676762,0.6758781758328357,0.5460231805281981,0.5117824172630714,0.32665109566550005,0.2267688357930305,0.7087850002256043,0.6190199339498306,0.6081167940784306,0.6133699050237592,0.13741379632913137,0.4928359936569146,0.5957646223225772,0.7190140175052055,-0.1454922449707838,0.5739287791492181,-0.3999379261723866,0.473705400214694,0.7034426285846259,0.5341774768552591,0.631631431388914,-0.28791837811497606,0.7032103288377192,0.6240949788519625,0.45489650372925194,0.5754832742536409,0.578688764288671,0.3461951162701793,0.6118416285231508,0.6658519308192148,0.5779708512889259,0.6915742078477428,0.2269679020865477,0.4518650452647942,0.6665721924493598,-0.18394781005634028,0.4686944427874174,0.42103918727056766,0.6707816098420696,0.04835710807083615,0.5602626260507466,0.6433920921278465,0.6326944903307681,0.5162455509696181,1.0,0.6903239568459826,0.7068221150646223,0.09936884441648162,0.5160481380774625,0.6746200583214342,0.7243813728173928,0.40755010851222717
U26C,0.833217704766302,0.8932770237074004,0.5849241617062739,0.8103013165106745,0.7375094044251903,0.4833843833648477,0.790598844260974,0.7462364400695376,0.6627315697246298,-0.6426024657795852,0.5684523289098733,0.86802188756328,0.7458016074466309,0.9551404817957262,0.8144586267274861,0.79943419043309,0.567111676328572,0.6125649503672055,0.9727448105328825,0.7221706057549138,0.9048756644029536,0.8485464726035791,0.4848933218172249,0.7115550166648009,0.8643938156635558,0.9546988529405748,-0.04659159176982917,0.8324468620438664,-0.46345731257135697,0.6330843769428421,0.9779273526933957,0.8170747195594855,0.8842698293168912,-0.35093238427453394,0.9688780676066848,0.8945378790683907,0.6514806259276041,0.8345994292675443,0.4825258249436303,0.6305416690529753,0.8990875405428144,0.9344373191115377,0.8641109252744651,0.9823555321079964,0.3044580394515419,0.6126458744149145,0.932190164568432,-0.08722076265844135,0.7744918912844586,0.7010042408654709,0.9554036266212973,0.08134890652396831,0.6120016163100979,0.9072483440776332,0.9120670189427905,0.8040379912490911,0.6903239568459826,1.0,0.6076362294400884,0.33959800115461714,0.8320631944604006,0.9352576594273554,0.806782177816792,0.7480497227835613
UI76,0.40847545111773537,0.5592891999781759,0.3378684435306697,0.4168117458407547,0.4323023772439128,0.563171497529165,0.3486301849669184,0.36273507365471885,0.7362353563829495,-0.7528245403226121,0.622379722581677,0.4840623856158937,0.6382489786301053,0.524771544362557,0.41702488824315603,0.4784667200108991,0.2436492440064999,0.1405453662418655,0.6285063026347036,0.4158310961116731,0.5047323423174115,0.5576151851615706,0.11352868841058884,0.44217233943963313,0.48195696920285014,0.5930344188133488,-0.03656925887336767,0.43341152162131963,-0.5220312544072118,0.5546535494590542,0.6201530696276745,0.5190263012694434,0.5703611331508436,-0.2641004067393855,0.5570911049508255,0.64676339844496,0.2888928997327468,0.5378844402183992,0.7074792677922235,0.14498200998806743,0.5712304351315071,0.6560175534121536,0.4552335386262084,0.5540561016843206,0.06246363908296745,0.5133945565868068,0.5837706295673945,-0.10504936342025098,0.27918510613747327,0.2160330663796906,0.5277082779840466,-0.15933358884428347,0.3452902777027405,0.6974647742619389,0.6385738625432756,0.44913793710612804,0.7068221150646223,0.6076362294400884,1.0,0.11609770940453878,0.4048597058077978,0.5855884023332213,0.7274802528828207,0.27129998145492884
UK24,0.3557960892413564,0.33116695850112726,0.15615878653426937,0.32188262365040204,0.32252421855180374,0.07919055755103763,0.37286839363090196,0.32330790684172594,0.12609658623306264,-0.13479617699064575,0.1401507559461938,0.36117692210601327,0.2428634342962325,0.34793945015531813,0.37645559939753925,0.3646239825578561,0.22248691962221318,0.31611854661039623,0.3326789060279553,0.25285231840692857,0.36629610847957483,0.3001184784441889,0.30616410357778756,0.2895128591692366,0.3412545482587899,0.3214164669937828,0.05273883853523173,0.3434058251015024,-0.1580770986649751,0.21089166546009463,0.3381252424653118,0.35022447287300934,0.35080491522920726,-0.0047714726466853655,0.34949011725249657,0.35837395073847705,0.2960283418808081,0.3498539192179835,0.0855664510700874,0.29691377330948404,0.3510400649642222,0.3285166935368656,0.3834056368500167,0.34590010947443184,0.20505937303552013,0.21363737231268567,0.3327545135603848,-0.0011021616106218913,0.32571587741012714,0.30881705373605495,0.3487761617460018,0.00843256292058296,0.17116935349047513,0.3526138058022228,0.35376743562227475,0.3006778725323243,0.09936884441648162,0.33959800115461714,0.11609770940453878,0.9999999999999998,0.3598430473706603,0.33808616201574015,0.1923793650883148,0.36612964720541835
V55J,0.9311379084446478,0.7962780385377831,0.5477320967502624,0.8347307475233293,0.7738755350582266,0.3241123498722476,0.8958573975883568,0.814117742425653,0.5010881731402755,-0.46633540584280764,0.4712505755409347,0.9220923401990867,0.5983952891590867,0.8706146296087589,0.8420579548532148,0.8663863000122363,0.5721756758055699,0.7012451428468202,0.8084170462542708,0.6538740335815025,0.9109205432657373,0.7029299952014425,0.48041646149699113,0.7455492707451371,0.8881402024966507,0.8069660486868969,-0.0348118789561109,0.8526776328615447,-0.3900464827162996,0.4909002879264732,0.8073305828195676,0.8341763274424582,0.8491117338734454,-0.23123135092226807,0.8428126055271876,0.7746769009231149,0.5574619568994833,0.8472295861697972,0.34823583392960544,0.6816792255110938,0.8511931989479703,0.7721099957124927,0.9120505951743373,0.8506933667921771,0.3454197156916423,0.49394150044801666,0.7703736296028045,-0.08357860674098577,0.8083705074842162,0.7227861079649692,0.870816205688586,0.13030449276819445,0.5819337787927503,0.784587343967441,0.8196800509440902,0.7345797838741237,0.5160481380774626,0.8320631944604006,0.4048597058077978,0.3598430473706603,1.0,0.7927522690207485,0.5804603924291962,0.7456186487647241
X19V,0.7896433871663714,0.856309673676,0.5517165200124091,0.7676728712809997,0.7027440022033674,0.4494382281105634,0.7629680189664572,0.6947609320975067,0.6494439409508046,-0.5939658168017335,0.5467504794495496,0.8171763663382166,0.7354131249146526,0.900034080755627,0.7884224791791586,0.7511178547281033,0.5543555346125577,0.5823688285832854,0.956491761392622,0.6936770784611218,0.8524365072039812,0.8149165309929569,0.4840495438159794,0.6678248292955091,0.8116282803341445,0.9357739185557288,-0.056540893666771876,0.8039358350895035,-0.41024227579178657,0.6157118227491194,0.9381365374143105,0.7820966605149684,0.8342399353788986,-0.31390138312277904,0.9238346183048577,0.8727087183953609,0.6747721252892563,0.7968011871605751,0.4494420112163991,0.6159134046485093,0.8403050990691234,0.9294738381922737,0.8269861366957284,0.9266023121030412,0.3150889972502436,0.6064919415930508,0.9194509870147217,-0.07752738517273375,0.7512791080720536,0.6871395255817112,0.8969226896342237,0.06515490338235896,0.5793346120170801,0.89915400145086,0.8581604180720918,0.7567342176778654,0.6746200583214341,0.9352576594273554,0.5855884023332213,0.3380861620157402,0.7927522690207485,1.0,0.74756988303552,0.7487489710850209
X1Y5,0.6016975350089993,0.7488958350466988,0.47258442634359843,0.5744446401769387,0.5839736809404448,0.5432157327133857,0.5497413862109777,0.5699261926721443,0.6737208442758099,-0.6846759987767815,0.5897360826719928,0.6520665792819536,0.7587021487942557,0.7225963377251265,0.5854995381281918,0.594227100448366,0.36026516235741196,0.3517334651557441,0.8038862349900062,0.5484838969537962,0.682881302332096,0.7357532870664908,0.2752414615314369,0.5602327110896935,0.6465680155522608,0.7783338402211539,0.04332768843017909,0.6063221611456041,-0.589130576149379,0.6049765998895118,0.8130121284247608,0.6379754883765958,0.6810865894595849,-0.3585608279123811,0.7481805683443021,0.7597761416520642,0.41646115947528295,0.6597272991486971,0.610165078006362,0.3776929924679349,0.7001848801692901,0.7919241494533733,0.6237801403488923,0.766713554860643,0.15068134589519488,0.5702215341138435,0.7814293355309245,-0.05012073576326001,0.4997377932736521,0.423060695026203,0.735601289526227,0.03036255034915716,0.4767086352353391,0.7542369985944322,0.7488709758594667,0.6833073471479499,0.7243813728173928,0.806782177816792,0.7274802528828207,0.1923793650883148,0.5804603924291962,0.74756988303552,1.0,0.4620592226597708
XU70,0.7462905662521248,0.7209883508508207,0.4366741548867526,0.7143425641255186,0.6394873723581723,0.18979748592833864,0.7517548341354438,0.6502966557725476,0.3974865713225125,-0.2703770568780907,0.3337097955914562,0.7356949607550743,0.5045955247426811,0.7632637162609535,0.741076643759512,0.6808220259467267,0.5663505477371846,0.7533514994558974,0.7551965845133967,0.56589211743577,0.7473649523601082,0.6547698003214973,0.5864287183807876,0.5799258786902176,0.7238733396175597,0.7336019890648604,-0.05270146760828822,0.744976256094,-0.1769137989852341,0.48666464471696813,0.7388424293011282,0.7179866785341226,0.7074689285926079,-0.19295525553252188,0.7719073155186051,0.7087005411791454,0.6592313365121171,0.6986255775040219,0.19963364489803992,0.77585221907805,0.713250848060075,0.7267216717538634,0.7750366323226121,0.7600627334836084,0.40346873463224664,0.4792874866719956,0.7410851395050766,-0.02425024409048513,0.8514868549160274,0.8237775371656133,0.7597401956858205,0.2446520721837237,0.47304282957810456,0.7250311391759016,0.6982159729182063,0.6305888431688244,0.4075501085122272,0.7480497227835613,0.27129998145492884,0.36612964720541835,0.7456186487647241,0.748748971085021,0.46205922265977073,1.0
