,2T6S,U26C,T54A,I07H,UK24,XU70,4TQ6,IZ20,P5F3,Q58J,43FJ,1P0Y,E3B6,R42Q,L9G5,4SZ2,80GC,08MQ,V55J,0I4U,9U7M,0H5E,L3V8,0C7Q,3PQ2,6VV2,B5I6,50GV,O21U,9Q6R,X19V,K9P0,E6R3,R7D1,L7J7,3TR7,Q6O0,98BT,3C6G,6FH5,C88N,J7F9,R9K3,46CD,C22U,I52Y,0JO0,2T7P,X1Y5,I9D6,27SS,UI76,0ED6,R5K7,51PW,94GU,DC61,O6R6,B23O,O03M,AO86,9T8E,1KB2,SM54
2T6S,1.0,0.7218719576012302,-0.09065288035983993,0.3152548934232706,-0.09510836244390009,-0.02319303867390931,0.11709473123666113,0.03839036754874344,0.052998326799746226,0.06779192957158955,-0.10870677671206948,0.046020854571311415,0.05236017786942199,-0.16976968663599581,0.06962654355877687,-0.03432671842848319,0.14256896209016603,-0.390422603611304,-0.37479660638038914,-0.49790090865561704,-0.48067566702830117,-0.5243225184948257,-0.5138955200614359,-0.5740905086365868,-0.4315598395943768,-0.4789197329830214,-0.624011039903482,-0.631253236478246,-0.6188966578661861,-0.5225921746769973,-0.5460193227692951,-0.5977803425567888,-0.6238926566855171,-0.6572418303457696,-0.7313063348981086,-0.7822465213109667,-0.7518638531663465,-0.5945735287098858,-0.6401959057541932,-0.6737395845623046,-0.7332927551569128,-0.801839694604362,-0.7900521287805433,-0.6334732546531869,-0.5638844666438616,-0.6067657867713218,-0.45103619548355317,-0.580812027764404,-0.7099824811659682,-0.528816982041914,-0.6739070967754522,-0.6190116158320996,-0.05390762189981791,-0.05719304638240755,-0.29035352073299253,-0.25053910380597166,-0.3352096223816518,-0.2293654363464714,-0.3221655486623452,-0.27573908265770675,-0.2846306361781651,-0.33500349076762576,-0.3185076669728965,-0.3486534961371986
U26C,0.7218719576012301,0.9999999999999998,0.027913922385246318,0.3881731602807984,0.14001800474755322,-0.32598629310894295,-0.19950525530773106,-0.26313444474175746,-0.2627317918834831,-0.23709132084620105,-0.3215361694082482,-0.19760823174012085,-0.13840897133486524,-0.28006237328762407,-0.09342220699728239,-0.2364801288497653,-0.10131195516617308,-0.5203052631059666,-0.5017790609524724,-0.5085056909541004,-0.6010974406473074,-0.5486775323489288,-0.6013825053012437,-0.6724841002198757,-0.614449834911036,-0.6167678435801385,-0.865822513598536,-0.8907795555446867,-0.8295196045864659,-0.7790690509722077,-0.7931921516269141,-0.79443125994204,-0.7147747281464532,-0.7245778229292326,-0.9519495743733508,-0.8924639460880367,-0.8571766458877439,-0.671991245871196,-0.709196845421049,-0.7713985518892152,-0.6598177180649089,-0.7581805329276413,-0.7663645283632302,-0.5657744300562294,-0.6036060127135776,-0.6259372065305853,-0.4685185196038606,-0.4642238158005363,-0.7495183104523965,-0.4400025319363322,-0.5265659993826528,-0.6014823275663445,-0.26060499319147773,-0.27359427141394055,-0.4469417110512336,-0.3867946105159968,-0.3856800385979186,-0.31776270041173654,-0.41875486966319875,-0.3994856997038585,-0.36835231079343433,-0.3983671652392241,-0.36529928961234676,-0.5094779077071401
T54A,-0.09065288035983994,0.02791392238524632,1.0,0.01598441224971325,0.050100554562997106,-0.2151592066548496,-0.1337478018555221,-0.17911548525550147,-0.054322391347070655,-0.11340973213551774,0.11231140325473792,0.1787176475185965,0.4451002070072749,-0.13602580230120076,-0.14470074504287464,-0.187312383686629,-0.2259503651746554,-0.044574430012898424,-0.05609752376599485,-0.03275941895501303,-0.12112096097660334,-0.034243729667712205,-0.059864634402107215,-0.039739610314076516,0.04314155584956404,-0.00030540218155532446,-0.01680867277830857,-0.03210913440035416,0.010319982832839292,0.044253368694879586,-0.029402301955505084,0.024286489613903686,0.044325263767433946,0.07192691534496572,-0.04855349511613875,-0.04687026293111629,-0.0632801618285432,-0.11922789380154743,-0.10255562684489274,-0.05250537399161548,0.08686980676392662,0.031994808352744965,0.06333282618183457,-0.047627839232920105,-0.048553155713802434,-0.035232629840778275,-0.05348939581590976,0.032846101252166165,0.02156964349440979,0.12448279660363881,0.13643528354698717,0.10660811441349727,-0.022573858973936968,-0.026145449766326042,-0.07796136400274488,-0.0561925545172587,0.04130819263038843,-0.14170259073971642,-0.09177673741609826,0.004403782382686248,0.27710994853059434,0.06896220593496712,0.033855635769402134,0.051174471213662885
I07H,0.3152548934232706,0.38817316028079846,0.015984412249713247,1.0,0.08758953802054903,-0.20270554228433693,-0.17649220896420348,-0.25594970877900486,-0.22646946673518256,-0.23497925771451972,-0.11195020369101226,-0.02715206273713676,-0.061607703721448005,-0.31057113001836617,0.07292377997034616,-0.15029508231568972,-0.08220301998540429,-0.2616577198135223,-0.26304632213715806,-0.264167562284705,-0.29337607176861497,-0.2785860829008911,-0.2973573396925808,-0.29804646379539623,-0.2359524540458189,-0.25957615781528603,-0.35609914041105056,-0.3815170884050623,-0.39674779554138373,-0.3225665363865279,-0.3707025477578728,-0.3596832444135071,-0.34937129971889297,-0.39418763548769986,-0.3946568661909528,-0.39593772989423376,-0.3668142537782985,-0.2898753588020257,-0.3043224591655944,-0.32883220837446886,-0.3550950821800674,-0.3434808288545639,-0.3514888970184978,-0.30691688520412647,-0.34251844463215947,-0.31311894756335856,-0.2000636685731352,-0.20611400850521225,-0.30950063646703146,-0.23403707627154713,-0.3114470300588226,-0.31232262702164765,-0.05868112160477048,-0.07587136452105869,-0.19839211553746153,-0.1448068582945148,-0.17396313678850212,-0.1244403983041961,-0.19496937919334834,-0.21488436908630085,-0.08821888579082289,-0.1954835538709332,-0.1750407555640597,-0.193383114935988
UK24,-0.0951083624439001,0.14001800474755322,0.050100554562997106,0.08758953802054903,0.9999999999999998,-0.4903613133283176,-0.7256251889538043,-0.47720967472932196,-0.644382347480105,-0.5646621574881744,-0.5845950006527131,-0.5920926208194954,-0.5151692194604721,-0.04545130287292218,-0.19499952589241387,-0.31469617379484593,-0.46013552604926566,-0.23720437476449596,-0.22941218541960362,-0.1091294230160846,-0.1567129938014816,-0.12639960413351622,-0.1443407029068204,-0.12281771861398723,-0.1072573113253215,-0.1313675005786969,-0.15953897704863293,-0.17568484308410276,-0.20604215488722086,-0.18784811371740134,-0.25194650230230736,-0.1484732561727296,-0.17558289571365923,-0.1978614871859807,-0.1737314127149005,-0.17800146251404653,-0.13535943269717862,-0.16368562355740024,-0.13556708616164934,-0.19652135641311447,-0.23093522678075015,-0.17099899419361542,-0.12931543942576088,-0.16038078341091297,-0.23477676327795405,-0.21231009385823457,-0.015506033515779798,0.05070900512348668,0.10406856758421368,0.005294310249933795,-0.02423052125213888,0.021500814338967306,-0.14332269882247273,-0.19323494437653788,-0.18071343357933115,-0.24740152585932604,0.11923200274800394,-0.059898463971974784,0.12425165665951492,-0.03174210819533615,-0.2411799463935147,-0.14758113467106904,-0.15473130048431707,-0.12446027898854395
XU70,-0.02319303867390931,-0.32598629310894295,-0.21515920665484964,-0.2027055422843369,-0.49036131332831767,1.0,0.717617567403974,0.7700451352946596,0.7980953658133213,0.7947788642922876,0.46587130438777097,0.35758010247926947,0.3676974087072899,0.37053725537650156,0.3405998746507692,0.48895574440104916,0.5841950377538847,0.44274636717538507,0.35394065396131735,0.24796970527772694,0.33798126933991657,0.263817518300059,0.3277017860943766,0.25839563020575074,0.24863330211214296,0.21037683844149008,0.3105900239634606,0.3760120155378328,0.34876144785873514,0.3161296088487631,0.41668451960532626,0.27698352346797905,0.2832047000100335,0.2648828742236257,0.3660718151331943,0.3791881751201606,0.313019665037394,0.34681639236555717,0.341323364654942,0.3569858079756745,0.28260628759893897,0.28411031765495043,0.21181387138059501,0.21894727133997932,0.4125384988079456,0.3352451784691557,0.07372675742631928,0.015799020976422915,-0.004213526987114581,0.015025339576283245,0.013382587620916478,0.027266997111178196,0.2368206404817698,0.28761641559332213,0.28126071958355664,0.3692325432283119,0.00508703550024536,0.11341867822464988,0.10672623851295765,0.09493421725805909,-0.007391912663450393,0.22786306039735924,0.1976688523700357,0.11284433850487255
4TQ6,0.11709473123666114,-0.19950525530773106,-0.1337478018555221,-0.17649220896420348,-0.7256251889538043,0.717617567403974,1.0,0.7750779646515742,0.8698959058145231,0.8328080555771525,0.6062150319860502,0.5413946237409019,0.5243395363213581,0.24314346179652518,0.2987796890226541,0.4903500258635817,0.5954535241469421,0.3503557999846712,0.32070200794974874,0.16590187277870339,0.2530812656230886,0.20258696059029974,0.2520516504995733,0.1649290062163916,0.13946418151116818,0.13925730044644713,0.20271118261548884,0.24611411734910724,0.2603982720492577,0.2289920971599488,0.32649385305452655,0.17731985859684105,0.20108243603817208,0.20387094012231602,0.25768268940155953,0.2783505943938692,0.21569911059381155,0.2532751892714824,0.22811738678538165,0.2708837454093351,0.25977262147790126,0.21057799383061146,0.13086579620282854,0.1749618758063918,0.31356191019806,0.26424844341688697,-0.020042552652170764,-0.08050532033712517,-0.13266390265347816,-0.05007877954278914,-0.030800784577066066,-0.06641975333201573,0.2331659822821851,0.31256403515772013,0.2488969786610042,0.3521654565417987,-0.08597956010973995,0.06754646141774336,-0.058438323040855666,0.034737179235758746,0.10693532207945383,0.1742118946731632,0.15377201943949143,0.08915097761535508
IZ20,0.03839036754874344,-0.26313444474175746,-0.17911548525550147,-0.2559497087790049,-0.4772096747293221,0.7700451352946596,0.7750779646515742,1.0,0.8607567955895868,0.8854219869031276,0.4185409684486176,0.32262510637208214,0.33035203061528434,0.5233788542786859,0.3359466751280919,0.4984875437006518,0.5166876529691459,0.4381389761460077,0.31949407858551837,0.2231588048722943,0.2911986731548231,0.19114849871258777,0.27211285648368166,0.1948604811119977,0.14434278218979757,0.1499961012677755,0.23754429671207797,0.29662282498301556,0.27388256371792574,0.22118131608668534,0.3388834425702345,0.18955106987241754,0.2081767005364204,0.17828538479165393,0.31327621753453183,0.3471480274843328,0.26657311411989476,0.315771547447393,0.28976463559825194,0.30606657993187253,0.21658360905748575,0.2320878871929601,0.13878501727519404,0.16589137691788913,0.3694225902905384,0.28262998085889646,0.02240549439841338,-0.037742672832511606,-0.07751597605545565,-0.032531369362157,-0.028699065182469327,-0.046345758850053015,0.257700349663596,0.3258352781046516,0.26328180158941505,0.3515415490907506,-0.010898894041301547,0.06560343660788878,0.048565830560362525,0.04707212325191996,-0.07645084801440533,0.2002367117922719,0.14245028873311533,0.0456623159834947
P5F3,0.05299832679974622,-0.2627317918834831,-0.054322391347070655,-0.2264694667351826,-0.644382347480105,0.7980953658133214,0.8698959058145231,0.8607567955895867,0.9999999999999998,0.9312044693604354,0.5560569544256617,0.5400718383724394,0.47848962199066364,0.4529808181029869,0.3409916912672915,0.49402385125311793,0.5777439492137206,0.4451245894186558,0.34431778857215467,0.2081264678915084,0.2672557425748818,0.19837132273964433,0.24149924953977225,0.18898215315984834,0.18038474219296716,0.17501458245272564,0.25545406301400375,0.305302565278861,0.2994847010245259,0.27371732708657276,0.37218102807148784,0.22378357531344917,0.24347795688737275,0.22860179695531543,0.3118848075108269,0.3287233369209712,0.23991955617671754,0.2835085606815757,0.263934605439239,0.31291260699700607,0.26799031381902355,0.24034261549112895,0.16333108157626125,0.17120962070030696,0.3816937078799901,0.29719035606061445,0.0006425556014547832,-0.03402183899328535,-0.09038175495567617,-0.010368654390160822,-0.004399272039000905,-0.02830672128016409,0.2532108473414379,0.3184456845534616,0.2582050578538406,0.32157716274272263,-0.03922824571052595,0.07138218340244464,-0.02168634692247035,0.050028623390399485,0.11492025147256972,0.20864963693714828,0.24520932891888514,0.1210511432245825
Q58J,0.06779192957158955,-0.23709132084620105,-0.11340973213551774,-0.23497925771451975,-0.5646621574881745,0.7947788642922876,0.8328080555771525,0.8854219869031277,0.9312044693604353,1.0,0.4509948872170749,0.4314943489418773,0.4058996118961347,0.520498235570948,0.3233919083963907,0.5376294006774095,0.556246897498129,0.4436056362901461,0.3455713404637594,0.1963971542083069,0.25357579567029725,0.20323002702288825,0.24846765054510248,0.16775739842763085,0.14660126499836318,0.1413040225644856,0.21994290033316968,0.27436110759832294,0.2673963664490871,0.23963265011188353,0.3376242483175059,0.18392069539309733,0.2090249188772672,0.18978354509134987,0.29200825263676206,0.31972622520265975,0.22996773172191318,0.26980883506188663,0.25110069524601303,0.2776809682710708,0.23984000547693377,0.22126349422881594,0.13721587729992515,0.15461224526050438,0.3443167651400601,0.2620956746973397,-0.00974663004184272,-0.06938054001682026,-0.10997748166320973,-0.04032874350690933,-0.03115472999434748,-0.05312929197788018,0.2495647311097544,0.3166974854954686,0.26602035669703744,0.30396252752157626,-0.03643379583309976,0.06395565471175534,-0.0003603033994330116,0.03870820643003413,0.016844936797867104,0.20590067764712422,0.20381417745275998,0.07999352577673763
43FJ,-0.10870677671206949,-0.3215361694082482,0.11231140325473792,-0.11195020369101226,-0.584595000652713,0.46587130438777097,0.6062150319860502,0.4185409684486176,0.5560569544256616,0.4509948872170749,1.0,0.5475295114595002,0.5286899300847938,-0.0022300723116558518,0.17313222424436003,0.28018297501961575,0.36362055740841304,0.3398778183708761,0.29502524612890374,0.2885722925064972,0.3487489585026225,0.3119712437105005,0.370300315255389,0.3143893512159448,0.29971061463723897,0.27341408848407106,0.3449664660502647,0.3786775869809156,0.36977475233555884,0.3861395956051318,0.4120685535299371,0.3144304146179103,0.30808636638090303,0.31451311261508647,0.3509394047711559,0.35929348801792627,0.3436127032100727,0.3800484816807155,0.3852245880739544,0.38681412827913036,0.33222566182966784,0.3245191612867889,0.2875486695164584,0.2896971254318055,0.3621292683836204,0.3649354793938527,0.11256956996105269,0.13166828261985422,0.11010545907678287,0.11855731030481771,0.15707003265061154,0.11765869446154867,0.24560964067679186,0.2958000461406404,0.27678777177772296,0.3711445605788466,0.009600498300869459,0.06526991189881633,0.009057351455040991,0.10216643457177267,0.2632234282344497,0.1646007746991968,0.2142243981572184,0.18993073599883037
1P0Y,0.046020854571311415,-0.19760823174012085,0.1787176475185965,-0.027152062737136756,-0.5920926208194953,0.3575801024792694,0.5413946237409019,0.32262510637208214,0.5400718383724393,0.4314943489418773,0.5475295114595002,1.0,0.5693360495240344,-0.04867873440181315,0.17170902289775927,0.2432761737385762,0.33420218351637465,0.31085401548105,0.3035475079338607,0.08531265541373312,0.15896205168878258,0.1637309735571373,0.15890151480960765,0.14883570326000606,0.17477563870802718,0.16979199255095695,0.2067039904800872,0.20973560679785183,0.22616067072809248,0.25301127022008557,0.26657365761013757,0.18914698026015545,0.18512058425291367,0.19538848665320716,0.20929511267390719,0.18511255358059772,0.15645697963544877,0.1389481891372396,0.16948999634269063,0.2311216026110033,0.21404239720643517,0.1815771501823409,0.16831964042073919,0.1403012402958685,0.2122375197284025,0.21062829393066326,0.005515828377837936,-0.008582904191716388,-0.014200317092680851,0.029518853723065442,-0.008421225446408252,0.014950231496727667,0.16554835039551702,0.18524191241650972,0.1364891219501821,0.219357369621888,-0.06709240815987946,0.11773440834599033,-0.19363259158442997,0.04632018217692897,0.564027723682936,0.17235849546912912,0.30079248232759004,0.2348490295520467
E3B6,0.052360177869421994,-0.13840897133486524,0.44510020700727493,-0.061607703721448,-0.5151692194604721,0.3676974087072899,0.5243395363213581,0.33035203061528434,0.4784896219906637,0.40589961189613477,0.5286899300847938,0.5693360495240344,0.9999999999999998,-0.20516352962516066,0.10278890344090777,0.21946363748975856,0.33719278972029376,0.174595172768124,0.20473683373598092,0.07310097264234805,0.09611864283204422,0.16088042026770066,0.15427456805607626,0.09784238437093441,0.13620684189496005,0.11202720748724061,0.14612024077732222,0.15788722060147742,0.19989441974910244,0.21506657284923966,0.21132641707530567,0.1406047294512375,0.16158454941608233,0.183588950448296,0.15702038669694537,0.15150497103393135,0.10692999119438036,0.06779871295216991,0.08424247212960952,0.145445276937569,0.2405087040356474,0.15115602221601698,0.13497124271308542,0.07538630012997019,0.15495951300375654,0.1484966613087954,-0.019102701081670857,-0.07992575107522158,-0.09049597856765047,0.006069608806759744,-0.02348446364900542,-0.026721511572659333,0.15256338987281653,0.19792874926586065,0.12702660124067816,0.24237346591823997,-0.08487622231217075,-0.035430412860508124,-0.11404187158855532,0.035098854034273645,0.2900219641092065,0.20414059854437802,0.08313229084078802,0.11075073771919701
R42Q,-0.16976968663599584,-0.28006237328762407,-0.13602580230120076,-0.3105711300183661,-0.04545130287292218,0.3705372553765015,0.24314346179652516,0.5233788542786859,0.4529808181029869,0.5204982355709481,-0.0022300723116558518,-0.04867873440181315,-0.20516352962516066,1.0,0.18241118834513764,0.2736213624402673,0.13411364753762384,0.33472710970863423,0.2096590041207705,0.2394906431284366,0.20186819759850377,0.11467577340719046,0.14732801596071463,0.19286415524972064,0.12967654293370964,0.15357360937089173,0.23546696332351616,0.25727167370432413,0.2441174133058301,0.16371745052982906,0.25426463202779903,0.19218506225260437,0.19864876898315137,0.16459641681730308,0.30352636333061367,0.330429358273016,0.2522207099288885,0.27951267980610084,0.2609450677787849,0.26600333840891727,0.1542274429633788,0.2205561708891177,0.18492101163405408,0.1833576558436361,0.26774511499072295,0.21459806208448196,0.09186965108375827,0.12065955656792653,0.14285557200565002,0.08415002092953257,0.16385808914895833,0.11887807792005817,0.12245519850678613,0.137265888353028,0.17237178553216914,0.09847589412708735,0.14616297102705417,0.07362429701351689,0.14801284988128485,0.0657479739995524,-0.11197509007441435,0.168303257230668,0.19515144391531075,0.08019167675576408
L9G5,0.06962654355877687,-0.0934222069972824,-0.14470074504287464,0.07292377997034617,-0.19499952589241387,0.3405998746507692,0.29877968902265406,0.3359466751280919,0.3409916912672915,0.3233919083963907,0.17313222424436006,0.17170902289775927,0.10278890344090777,0.18241118834513767,0.9999999999999998,0.252535765574684,0.23857313532193158,0.2463499256097338,0.1564462405933495,0.10325109929288274,0.05569357307485246,0.0062273689637191805,0.02195176041737429,0.03657608329978934,0.06553879770606685,0.03943175813431325,0.1175591704133361,0.12251440810016705,0.08596940168058226,0.08847534157431347,0.13401037349884506,0.04658766891826773,0.09099799907741417,0.02377091710925949,0.09978897617634791,0.10726494270783522,0.06570720184910596,0.13533133989447957,0.11998896088630849,0.12362091946768776,0.06537014864029933,0.08759462212672273,0.032480365536985696,0.006533044301405869,0.1263047405055564,0.11643660384275707,0.012227350764176324,0.004926878197886417,-0.06198154350787421,-0.07098558874686065,-0.09641122372599834,-0.052077059993363865,0.09507928754881662,0.10552169773183855,0.0852705211065463,0.13664407423951813,-0.00936175113815354,0.056062433293986406,0.011362105165273856,-0.006667960078580941,-0.002787836772602276,0.1013396456461342,0.16241878442930122,0.06768187662745283
4SZ2,-0.03432671842848319,-0.2364801288497653,-0.187312383686629,-0.15029508231568972,-0.31469617379484593,0.48895574440104916,0.4903500258635817,0.49848754370065174,0.49402385125311793,0.5376294006774096,0.28018297501961575,0.2432761737385762,0.21946363748975856,0.27362136244026725,0.25253576557468405,1.0,0.3596529375835448,0.33714705775092124,0.3285528898940076,0.18462735146986842,0.2922586210234639,0.29327162170539545,0.3110702620445566,0.20223951545786123,0.17356418501010998,0.15230647481390688,0.22950179145680338,0.26657246886437275,0.2710555045159644,0.25563085485162074,0.3021946651635748,0.19163168243938403,0.2015005366751494,0.18754569900878326,0.2766866942168584,0.2981110286561506,0.2685865924697924,0.2633252675049575,0.27821863748457876,0.27703461673633145,0.23279897654719467,0.2357471882978056,0.16925233808397872,0.2201411044073817,0.2964891946184264,0.26576567420904695,0.0449388774099925,0.03688299887159563,0.034565449201494854,-0.009422325832659846,0.02716898372892439,0.010069572303589578,0.22192124466594118,0.2719298566464605,0.29074230889852487,0.2729687685383669,0.012314985238621885,0.08934990614353429,0.06766560516760624,0.061872453375713184,-0.031241394194359864,0.16679883524415004,0.15850414966580992,0.08697976835845378
80GC,0.14256896209016603,-0.10131195516617307,-0.2259503651746554,-0.08220301998540427,-0.4601355260492658,0.5841950377538847,0.5954535241469421,0.5166876529691459,0.5777439492137206,0.5562468974981291,0.36362055740841304,0.33420218351637465,0.3371927897202937,0.13411364753762384,0.23857313532193158,0.3596529375835448,1.0,0.22034224780406553,0.18278719744331906,0.07963710682930701,0.14547343027404439,0.1084317893649757,0.13185881764266474,0.08132563683771435,0.0824971300299552,0.06932515176918042,0.10703067666763152,0.15447599027499576,0.14439467930540092,0.13540406860913384,0.21230199944738545,0.08905172339750488,0.11467689397576691,0.10384076482741973,0.13562511722458132,0.1380114914681037,0.09674927776855127,0.1280529118615798,0.1110608749210488,0.13361759211339058,0.12257747206769173,0.08923147313488777,0.03580807866505234,0.053199775107010336,0.18995494501993923,0.1334362262218203,-0.029538757178082416,-0.10892581276587854,-0.15618505131508134,-0.08419714806371598,-0.10762940224174353,-0.1061597333906838,0.13493381890672337,0.1734820827532952,0.1447111167694675,0.21866660569530127,-0.1045228100409309,0.06740235219986207,-0.04431803769446654,0.01523701341057714,-0.0005357354273409224,0.08982554734141775,0.07989711067056528,0.022615111403903116
08MQ,-0.39042260361130393,-0.5203052631059667,-0.044574430012898424,-0.26165771981352226,-0.237204374764496,0.44274636717538507,0.3503557999846712,0.4381389761460077,0.4451245894186558,0.4436056362901461,0.33987781837087605,0.31085401548105,0.174595172768124,0.3347271097086343,0.24634992560973382,0.3371470577509213,0.22034224780406553,0.9999999999999998,0.7856467787467378,0.47128707581440693,0.5286755602828841,0.5370251701723715,0.5595399925031697,0.43220336165991513,0.335073291034923,0.3547271886263366,0.5051032340800887,0.5334477158283152,0.5270897435413409,0.49708668393676375,0.5234835899571121,0.41959980682292014,0.4430437903915306,0.401948672593395,0.5781991095654724,0.6164822851318731,0.5870438728148631,0.5534792364796333,0.5996173309051205,0.5967422859247397,0.5548983761284673,0.550427833458761,0.4640263469329161,0.4642607869829828,0.5597668772862665,0.570296930362624,0.22487140801710884,0.32055063556125274,0.3260682814459922,0.19593831476107282,0.2753696388886516,0.24700153883940074,0.22740869871013644,0.25662299537778993,0.35741434865879473,0.3262677742409769,0.17825840604463333,0.17652575837157325,0.15955817264965244,0.17419363881427008,0.2805898029159868,0.50425684416665,0.6718880990416154,0.46606349702369837
V55J,-0.37479660638038914,-0.5017790609524724,-0.05609752376599485,-0.26304632213715806,-0.22941218541960362,0.35394065396131735,0.3207020079497487,0.31949407858551837,0.34431778857215467,0.3455713404637594,0.2950252461289037,0.30354750793386065,0.20473683373598092,0.2096590041207705,0.1564462405933495,0.3285528898940076,0.18278719744331906,0.7856467787467378,0.9999999999999998,0.46067832311698037,0.5257638458084873,0.6321130386680012,0.6724342542245902,0.40326407347948784,0.3053828366576523,0.32792737428722146,0.4727527422973576,0.4828048308627556,0.5150957538436354,0.5017724173913336,0.4834774795658719,0.3907528038418808,0.4029040944613572,0.3950477177256464,0.580064213970796,0.6068761501733562,0.584257843215578,0.5182881692091487,0.6401816192740372,0.6316835135577055,0.6079138330956056,0.5356736180365665,0.46051450761679913,0.4903620622338023,0.4975012709034765,0.5618952541629153,0.20345796706401786,0.2828400732645983,0.3240313368554646,0.15513175755356132,0.258125109729997,0.2209265742398723,0.29798760896861326,0.33315149661748233,0.35709032040095623,0.33595922691653585,0.15098460844536488,0.18582143838986726,0.13588148875042724,0.1823291501364254,0.28957060220737585,0.5042943011143101,0.5753365578661414,0.4431462281605314
0I4U,-0.4979009086556171,-0.5085056909541004,-0.03275941895501303,-0.26416756228470495,-0.1091294230160846,0.2479697052777269,0.16590187277870336,0.2231588048722943,0.20812646789150843,0.1963971542083069,0.2885722925064972,0.0853126554137331,0.07310097264234805,0.2394906431284366,0.10325109929288276,0.18462735146986842,0.07963710682930701,0.4712870758144069,0.4606783231169804,1.0,0.49160725570862857,0.492355128073435,0.5359277571179044,0.444591796594053,0.3201013242077374,0.3391478592823828,0.4573291248791503,0.47272519647023814,0.45413324996274634,0.4059582814404081,0.4280282768524253,0.3919366048884364,0.40335324689387503,0.3858739781666507,0.5524330809323154,0.5957800476663566,0.5685400891663627,0.6001252506142821,0.6579210842924691,0.6260089874656869,0.46875526790660094,0.5092289514446026,0.4512025923840323,0.5029121002069536,0.45390688202022633,0.5007769670711022,0.29788339770209293,0.3902522042338093,0.3956021372472657,0.250250270037412,0.3444773177091403,0.2936813215988121,0.19349286350697176,0.21691672004300933,0.32339679778423946,0.3241778556623288,0.2261420571027188,0.11155889582221017,0.2123929607797238,0.1918992963449517,0.10666987754530874,0.2701672207789862,0.3344850429684985,0.2629993280210843
9U7M,-0.4806756670283011,-0.6010974406473074,-0.12112096097660334,-0.29337607176861497,-0.1567129938014816,0.33798126933991657,0.2530812656230886,0.2911986731548231,0.2672557425748818,0.25357579567029725,0.34874895850262255,0.15896205168878258,0.09611864283204422,0.20186819759850375,0.05569357307485247,0.2922586210234639,0.14547343027404439,0.5286755602828841,0.5257638458084873,0.4916072557086285,1.0,0.6256264677787939,0.691379387431956,0.5619039112400563,0.44356696352575103,0.4143111051279906,0.5474236513758142,0.60777852394424,0.5855125859842204,0.5706685208506095,0.5720126348243435,0.500791805683172,0.44460316930441296,0.43773396028903766,0.6652532545633901,0.6981777816851361,0.7239679643476934,0.7072831395136329,0.7153905718995456,0.702104479800721,0.4832160732888999,0.5632598468712988,0.494910554994314,0.55785338949977,0.5767852445061016,0.5998363324333387,0.3168112860421054,0.3908292443029296,0.4629506344126304,0.2430359316819348,0.3578686352349503,0.307469875300419,0.348155160648629,0.38017827131608894,0.5250394914378592,0.42511337728672804,0.2152301809130293,0.14171337024074881,0.2486924786115075,0.20958946763274985,0.10681875647170327,0.29745693456183114,0.39115650554260817,0.2965855550867045
0H5E,-0.5243225184948257,-0.5486775323489289,-0.034243729667712205,-0.27858608290089104,-0.12639960413351622,0.26381751830005895,0.20258696059029976,0.19114849871258777,0.19837132273964433,0.20323002702288825,0.3119712437105005,0.16373097355713728,0.16088042026770066,0.11467577340719046,0.0062273689637191805,0.29327162170539545,0.1084317893649757,0.5370251701723715,0.6321130386680012,0.49235512807343507,0.6256264677787939,1.0,0.7282937621412044,0.49293695043250035,0.3715237839500585,0.3937665345649837,0.4959234116126333,0.5166936445573659,0.5492639807711589,0.5422295821692854,0.492644692042235,0.44217583494845797,0.42712498547508504,0.4337953656946492,0.6272857587519762,0.6821263954644862,0.7007606251296152,0.6132433736565509,0.6903877740182095,0.640336707750912,0.6041599506894637,0.6082503743166655,0.5397929236181146,0.557828177719598,0.5132306613185932,0.5637411668742968,0.2952257786775305,0.3509168318524038,0.432664720487796,0.24344859108208386,0.36779221882340785,0.29636630939927583,0.2782264804820166,0.3273586130568607,0.37017281044739375,0.34541817561197646,0.20724810876155883,0.14762846516331304,0.20709764652043627,0.20736494706538386,0.1704997218428805,0.3488221036459422,0.3863955737897156,0.32346711962181895
L3V8,-0.5138955200614359,-0.6013825053012436,-0.05986463440210721,-0.2973573396925808,-0.1443407029068204,0.3277017860943766,0.2520516504995733,0.27211285648368166,0.24149924953977225,0.24846765054510242,0.370300315255389,0.15890151480960765,0.15427456805607626,0.14732801596071463,0.02195176041737429,0.3110702620445566,0.13185881764266477,0.5595399925031695,0.6724342542245902,0.5359277571179044,0.6913793874319559,0.7282937621412044,1.0,0.5672068584633522,0.4529692052948679,0.43392780478523196,0.5714104464037759,0.6059087483824481,0.630968584698227,0.5868995229706682,0.5807321081484704,0.5184319526263055,0.4961437085037072,0.5019008207579266,0.6595459044477893,0.69819684224438,0.7353261613959469,0.6590156025882358,0.7958868169277863,0.6948738446591527,0.6022044470175373,0.6379322491037689,0.5722648140871931,0.6490871140151768,0.618485276168693,0.6451171086594714,0.3091080404826464,0.4020210500525539,0.47838810610163707,0.2699641173881191,0.4266978101153972,0.339442505765049,0.28383812842718664,0.32062733291571577,0.3978050739518586,0.4643979434581568,0.21804020927065756,0.17334243549024206,0.2543828355554381,0.23930890767983334,0.12256130738238516,0.34027684999658553,0.3529626611127631,0.29531000505267
0C7Q,-0.5740905086365868,-0.6724841002198757,-0.03973961031407652,-0.29804646379539623,-0.12281771861398724,0.25839563020575074,0.16492900621639156,0.1948604811119977,0.18898215315984834,0.16775739842763085,0.3143893512159448,0.14883570326000606,0.09784238437093441,0.19286415524972064,0.03657608329978934,0.2022395154578612,0.08132563683771435,0.43220336165991513,0.40326407347948784,0.444591796594053,0.5619039112400562,0.49293695043250035,0.5672068584633522,1.0,0.5529411568744365,0.5390594042084604,0.6649728568450722,0.6853250356405546,0.6673769343493009,0.6297433080182868,0.6363424408135596,0.6465558259822438,0.6060687033676659,0.6028642736580874,0.6653151339574616,0.6658202513377391,0.7019941073243422,0.60586389689539,0.6214024743031842,0.6255360448327654,0.5418387448465539,0.6299327495158873,0.6504008249853243,0.5351324151535709,0.5661553070797504,0.5809404692002325,0.38691227217824964,0.45898142181412627,0.6587680757316225,0.42178250031770836,0.5027199630923778,0.5108872117004274,0.19723768378699175,0.21109983612172906,0.390321525054061,0.3287106159104679,0.2887577860487567,0.2338378403103795,0.32697721390299966,0.3093115559987716,0.24265552940295268,0.27081642283163304,0.32415117456519904,0.3493344977605571
3PQ2,-0.43155983959437677,-0.6144498349110359,0.04314155584956404,-0.23595245404581885,-0.1072573113253215,0.24863330211214296,0.13946418151116818,0.14434278218979754,0.18038474219296716,0.1466012649983632,0.29971061463723897,0.17477563870802718,0.13620684189496005,0.12967654293370962,0.06553879770606685,0.17356418501010998,0.0824971300299552,0.33507329103492295,0.3053828366576523,0.3201013242077374,0.44356696352575103,0.3715237839500585,0.4529692052948679,0.5529411568744365,1.0,0.4786380486031506,0.6455630297452034,0.6968789608338976,0.6724798026686266,0.6856458235995344,0.6618192908919187,0.6946005258414385,0.5446087293296009,0.5678695728866457,0.5674539513940716,0.5135599872106509,0.555411661224328,0.4649602039796414,0.47212474760894957,0.4980166690981771,0.39343977197046415,0.47812063652904113,0.5339104087684325,0.36954356760290735,0.4537528141949412,0.442559110924934,0.3723888011998391,0.38085560176407846,0.6177911127638512,0.35460695692987587,0.4036665952777825,0.5516335260573723,0.1840374869701567,0.18795575049710683,0.3384293281906942,0.28111801743012094,0.26840184431276415,0.2948746876033383,0.36864752166214354,0.3395834348045124,0.28440598109757503,0.19868650887065828,0.2713570126958648,0.3709050712891445
6VV2,-0.47891973298302143,-0.6167678435801385,-0.00030540218155532446,-0.25957615781528603,-0.1313675005786969,0.21037683844149005,0.13925730044644713,0.1499961012677755,0.17501458245272564,0.1413040225644856,0.27341408848407106,0.16979199255095695,0.1120272074872406,0.15357360937089176,0.03943175813431326,0.15230647481390688,0.06932515176918042,0.3547271886263367,0.32792737428722146,0.3391478592823828,0.4143111051279906,0.39376653456498373,0.433927804785232,0.5390594042084604,0.47863804860315057,1.0,0.6429412858469037,0.632413003518406,0.613856616835612,0.5991694866890732,0.5765725996553495,0.6136646970689182,0.5438924344149093,0.5590483341117775,0.5896107671535354,0.5577089711184968,0.579870250034188,0.4779063930563014,0.47612206809797636,0.5096596007571874,0.46667756622412176,0.5357293931401105,0.5828383240878247,0.4172258662327375,0.46308457088368526,0.4856664445761,0.3491824537363348,0.3923181082929502,0.6000251447787818,0.5017097187683527,0.5557593585038126,0.49752542429575514,0.16573631291117946,0.17876319509456876,0.29842346171783224,0.2509798534968593,0.2409384449852662,0.24524002267807546,0.29834958104826087,0.31688560629548435,0.28979384108022116,0.2351439194972129,0.2820719422006753,0.346055928512076
B5I6,-0.624011039903482,-0.865822513598536,-0.01680867277830857,-0.3560991404110505,-0.15953897704863293,0.31059002396346064,0.20271118261548887,0.23754429671207794,0.25545406301400375,0.21994290033316968,0.3449664660502647,0.20670399048008717,0.1461202407773222,0.2354669633235162,0.11755917041333609,0.22950179145680338,0.1070306766676315,0.5051032340800887,0.47275274229735753,0.45732912487915034,0.5474236513758141,0.49592341161263337,0.5714104464037759,0.6649728568450723,0.6455630297452034,0.6429412858469036,1.0,0.890419510780739,0.8631044121148344,0.8158214711405919,0.8044073372015399,0.8149699515004113,0.7214475544494771,0.7312521895169196,0.824605221496617,0.7648374134302557,0.7838947614783521,0.608554137623498,0.6413521037967994,0.6779582425659999,0.6251413373767927,0.7172474693371582,0.7438514740740186,0.5440680990690547,0.5933066821113944,0.6203665602790768,0.46316649622243994,0.47354988307151963,0.7588928333038292,0.45692649168166805,0.5237699883355356,0.6201511997674274,0.2373232362650485,0.2486155553514671,0.411763259300951,0.3470639781256835,0.37935729783612837,0.3399107281070772,0.41532236855163496,0.4204023796649768,0.382735265044293,0.357874835454327,0.3732902852156266,0.48822138650942215
50GV,-0.631253236478246,-0.8907795555446867,-0.03210913440035416,-0.38151708840506227,-0.17568484308410276,0.3760120155378328,0.2461141173491072,0.2966228249830155,0.305302565278861,0.27436110759832294,0.37867758698091564,0.20973560679785183,0.15788722060147742,0.25727167370432413,0.12251440810016705,0.26657246886437275,0.15447599027499573,0.5334477158283152,0.48280483086275555,0.4727251964702382,0.6077785239442399,0.5166936445573659,0.605908748382448,0.6853250356405546,0.6968789608338976,0.632413003518406,0.890419510780739,1.0,0.9198007058325506,0.8752749977590001,0.8962989047343091,0.879813903185701,0.747542082142089,0.7689834819451042,0.8568401621951026,0.7989115259774059,0.8084456768250187,0.6456937051604359,0.6713941426272738,0.708271069682479,0.61886941047088,0.7206261257976583,0.7420439878906021,0.5313551941088744,0.6347563350704567,0.6288880352556053,0.46982198645236156,0.4685855353084264,0.7512435994981322,0.44926546945082474,0.5317537047392464,0.6514541210222855,0.26160097559811485,0.2785920712070477,0.4513423469020725,0.3676956065630397,0.3595937277722299,0.3508209123559201,0.4384044123216086,0.4253091748963227,0.35411682227020763,0.35279187395664163,0.38731214188777324,0.5010588319756157
O21U,-0.6188966578661861,-0.829519604586466,0.010319982832839292,-0.39674779554138373,-0.20604215488722089,0.34876144785873514,0.2603982720492577,0.2738825637179258,0.29948470102452585,0.2673963664490871,0.36977475233555884,0.2261606707280925,0.19989441974910244,0.24411741330583006,0.08596940168058226,0.2710555045159644,0.14439467930540092,0.527089743541341,0.5150957538436354,0.45413324996274634,0.5855125859842204,0.5492639807711589,0.630968584698227,0.6673769343493009,0.6724798026686265,0.613856616835612,0.8631044121148342,0.9198007058325506,1.0,0.8523393821366023,0.8559588776986361,0.8674122947865626,0.7398582271858739,0.7744810629592492,0.8130260923295305,0.7676127002428097,0.7843065114102284,0.604780231474282,0.6519477016383746,0.6818606440001276,0.657718179526021,0.7328488524414425,0.7493899543282447,0.5594578720835143,0.6434779336508498,0.6497454401430405,0.44393928482933975,0.4680787489713495,0.7367490873025258,0.4531317335584217,0.5597678280933924,0.6349728871467692,0.258020416252118,0.2795566462666217,0.42480421553784764,0.3572262006354635,0.33512591089158944,0.33266169931590134,0.3897851909424026,0.41252522618134313,0.3728851728494186,0.3955600005764575,0.39076943891703425,0.4772810291184334
9Q6R,-0.5225921746769973,-0.7790690509722078,0.04425336869487959,-0.3225665363865279,-0.18784811371740134,0.3161296088487631,0.22899209715994884,0.22118131608668534,0.27371732708657276,0.2396326501118835,0.3861395956051318,0.2530112702200856,0.2150665728492397,0.16371745052982906,0.08847534157431347,0.25563085485162074,0.13540406860913384,0.4970866839367637,0.5017724173913335,0.4059582814404081,0.5706685208506094,0.5422295821692854,0.5868995229706682,0.6297433080182868,0.6856458235995344,0.5991694866890733,0.8158214711405919,0.875274997759,0.8523393821366023,1.0,0.818816051090022,0.799330301910312,0.6343492774738538,0.6734890023439692,0.7766255561349587,0.7034765758699222,0.7337689920967597,0.5817446868863887,0.5939884003650653,0.6358157846503016,0.5682898936175277,0.6145915998321341,0.6464926057289917,0.4451439307239506,0.5295717417138192,0.5598165220517487,0.4103016244770357,0.40447791760353635,0.6989923322514315,0.39172043962823533,0.46763829669104406,0.5671662600738213,0.317598426981534,0.332434782081591,0.4519514737487283,0.3359935006445592,0.30556549111409864,0.3048984695032607,0.38556315806660063,0.3989024077161218,0.3732142863656459,0.33164913979202115,0.4122250058667931,0.5002442242531276
X19V,-0.546019322769295,-0.793192151626914,-0.02940230195550508,-0.3707025477578728,-0.25194650230230736,0.41668451960532626,0.32649385305452655,0.3388834425702345,0.37218102807148784,0.3376242483175059,0.4120685535299371,0.26657365761013757,0.2113264170753057,0.25426463202779903,0.13401037349884506,0.3021946651635748,0.21230199944738545,0.5234835899571122,0.4834774795658719,0.4280282768524252,0.5720126348243435,0.49264469204223504,0.5807321081484704,0.6363424408135596,0.6618192908919187,0.5765725996553495,0.80440733720154,0.896298904734309,0.8559588776986361,0.8188160510900221,1.0,0.8241888011661571,0.6958998463477417,0.7290595227991985,0.7804564876102968,0.7342673373005213,0.7319484809690372,0.5833632244899338,0.6111964885143001,0.6466240776775309,0.5962148513790562,0.6641549739469896,0.6806674288319772,0.49533243937310156,0.6044387842112058,0.5890992365422867,0.40995741517993917,0.40179213168231515,0.6432251106478137,0.40206653207954524,0.48713520674456073,0.5709090219152649,0.2431113440323601,0.2677537601422344,0.4173731355797464,0.3666179380442408,0.2978996193314222,0.32708546172112357,0.36387881083336027,0.3796079089809011,0.3504906771841437,0.34194930639223997,0.3828678169824776,0.45456882897786344
K9P0,-0.5977803425567888,-0.7944312599420401,0.024286489613903686,-0.3596832444135071,-0.1484732561727296,0.27698352346797905,0.17731985859684105,0.18955106987241754,0.22378357531344917,0.18392069539309733,0.3144304146179103,0.18914698026015542,0.1406047294512375,0.19218506225260437,0.04658766891826773,0.19163168243938403,0.08905172339750488,0.41959980682292014,0.3907528038418807,0.3919366048884364,0.500791805683172,0.442175834948458,0.5184319526263055,0.6465558259822438,0.6946005258414385,0.6136646970689184,0.8149699515004113,0.879813903185701,0.8674122947865627,0.7993303019103121,0.8241888011661571,1.0,0.7383658230633621,0.8227450021436831,0.73858641400711,0.6777803112061849,0.6966620044747053,0.5468120464991365,0.5730338548228636,0.6154920802700719,0.564178088093092,0.6552579628299875,0.7225007113520279,0.4949412102867452,0.5616749582762788,0.5661142546867208,0.4491175235169773,0.4580904168509178,0.7678919349280316,0.5012944354388703,0.5773343344767039,0.73922915993173,0.18117153001482061,0.1947416816523347,0.3580606223645802,0.3064810982172452,0.3371818121370215,0.39243068787119184,0.4335570516348632,0.4549627278685645,0.4033820137788274,0.2933576411403867,0.33426875804981854,0.4507159175740037
E6R3,-0.6238926566855171,-0.7147747281464532,0.044325263767433946,-0.34937129971889297,-0.17558289571365923,0.2832047000100335,0.20108243603817208,0.2081767005364204,0.24347795688737275,0.20902491887726718,0.30808636638090303,0.18512058425291364,0.16158454941608233,0.1986487689831514,0.09099799907741415,0.2015005366751494,0.11467689397576693,0.4430437903915306,0.4029040944613573,0.403353246893875,0.44460316930441307,0.42712498547508504,0.49614370850370726,0.6060687033676659,0.5446087293296009,0.5438924344149093,0.7214475544494771,0.747542082142089,0.7398582271858739,0.6343492774738538,0.6958998463477416,0.7383658230633621,0.9999999999999998,0.8218873236080603,0.6652954411655642,0.6600446205710645,0.6754973378811447,0.5255848912051724,0.5489520789462837,0.5819803340214443,0.6803326581123195,0.7512508965948201,0.7876402843680713,0.5438841457498559,0.6227046991585102,0.6119169308282859,0.4183254953532794,0.4447078758136011,0.6715692867911336,0.5041111177506961,0.5877601324044408,0.6669275537395071,0.1091124325265094,0.13023008799396163,0.3098840281376937,0.32499665436935293,0.29144017495818764,0.34859694769172644,0.34161009748835985,0.37678633709768733,0.3643383369133488,0.311639805139003,0.32999677519031045,0.3862996023351737
R7D1,-0.6572418303457696,-0.7245778229292326,0.07192691534496572,-0.39418763548769986,-0.19786148718598073,0.2648828742236257,0.20387094012231602,0.17828538479165396,0.22860179695531543,0.18978354509134984,0.3145131126150864,0.19538848665320713,0.183588950448296,0.16459641681730308,0.02377091710925949,0.1875456990087833,0.10384076482741973,0.401948672593395,0.39504771772564645,0.3858739781666507,0.43773396028903766,0.4337953656946492,0.5019008207579267,0.6028642736580874,0.5678695728866457,0.5590483341117775,0.7312521895169197,0.7689834819451044,0.7744810629592492,0.6734890023439692,0.7290595227991985,0.8227450021436831,0.8218873236080604,1.0,0.6696526899436339,0.6613146515630574,0.6574800062535754,0.5059125568166017,0.5359813140940409,0.5847086069719972,0.7308549531052544,0.7611608293574377,0.8279626163862067,0.5608438329330986,0.62928604729415,0.6278184130503721,0.37357140705385,0.46412590694458794,0.6824776859117697,0.561686691293302,0.6808414713840203,0.8000491604090794,0.08230404728929168,0.10696296261783367,0.2926439634226004,0.3063878007700927,0.2876305167731875,0.4267826364734245,0.3580684880874572,0.43895975872231174,0.4122529350568854,0.31545751350277906,0.30594766432692405,0.3756535423211463
L7J7,-0.7313063348981085,-0.9519495743733508,-0.04855349511613875,-0.39465686619095275,-0.1737314127149005,0.3660718151331943,0.25768268940155953,0.31327621753453183,0.3118848075108269,0.29200825263676206,0.3509394047711559,0.20929511267390719,0.15702038669694537,0.3035263633306136,0.0997889761763479,0.27668669421685843,0.13562511722458132,0.5781991095654724,0.5800642139707959,0.5524330809323154,0.6652532545633902,0.6272857587519762,0.6595459044477894,0.6653151339574616,0.5674539513940716,0.5896107671535354,0.824605221496617,0.8568401621951025,0.8130260923295304,0.7766255561349587,0.7804564876102968,0.73858641400711,0.6652954411655642,0.6696526899436339,1.0,0.9578208657350216,0.9023788812074885,0.7224137872682028,0.7615482846265965,0.825015994536942,0.6882594170514559,0.7628867684538834,0.7383883360053888,0.5846023592733521,0.6012522050756651,0.6458719881944912,0.446432920984304,0.44990613019521775,0.6896759194689074,0.3859155275290828,0.5006770479008817,0.5135037187192399,0.3318923367243674,0.3614492622007123,0.5055094999948837,0.4079399435012853,0.35638271568190133,0.26295562454297267,0.3718658060891941,0.3483099822839835,0.31040198432693056,0.4491834853466185,0.40080387793380245,0.4967625591121968
3TR7,-0.7822465213109668,-0.8924639460880367,-0.04687026293111629,-0.39593772989423376,-0.17800146251404653,0.3791881751201606,0.2783505943938693,0.3471480274843328,0.3287233369209712,0.31972622520265975,0.35929348801792627,0.18511255358059772,0.15150497103393135,0.330429358273016,0.10726494270783522,0.2981110286561506,0.1380114914681037,0.6164822851318731,0.6068761501733562,0.5957800476663565,0.6981777816851361,0.6821263954644861,0.6981968422443798,0.6658202513377391,0.5135599872106509,0.5577089711184968,0.7648374134302557,0.7989115259774059,0.7676127002428098,0.7034765758699223,0.7342673373005212,0.6777803112061849,0.6600446205710645,0.6613146515630574,0.9578208657350216,0.9999999999999998,0.9291841029278816,0.780983327546104,0.8046287253920131,0.8558018922762399,0.752283932988031,0.8312356639056242,0.7624258698289517,0.6633533750703448,0.6628711493377537,0.7002419232144945,0.42565445655291373,0.4786467745336401,0.63943903987217,0.38590863705743594,0.533108546620721,0.48158106816216645,0.3041614292169288,0.3485896025010371,0.5154235154888004,0.4365603797981834,0.33658502443715194,0.22494555421540144,0.32664806166279575,0.2995595160608292,0.2532332892196093,0.4644825557618241,0.4164100151242777,0.43298638222910346
Q6O0,-0.7518638531663465,-0.8571766458877438,-0.0632801618285432,-0.3668142537782985,-0.13535943269717865,0.313019665037394,0.2156991105938115,0.26657311411989476,0.2399195561767175,0.22996773172191318,0.3436127032100727,0.15645697963544877,0.10692999119438036,0.25222070992888856,0.06570720184910596,0.2685865924697924,0.09674927776855126,0.5870438728148631,0.584257843215578,0.5685400891663627,0.7239679643476934,0.7007606251296153,0.7353261613959469,0.7019941073243422,0.555411661224328,0.579870250034188,0.7838947614783522,0.8084456768250186,0.7843065114102284,0.7337689920967597,0.7319484809690372,0.6966620044747053,0.6754973378811447,0.6574800062535754,0.9023788812074885,0.9291841029278817,0.9999999999999998,0.7863102817872026,0.8039114599978063,0.8199164916189934,0.7227938779025961,0.8421818950423754,0.7761399872938499,0.678687034521196,0.6688742028980793,0.7091521440119072,0.4557428510405249,0.5135684359947305,0.7146078295344704,0.4070053396770609,0.5567470930971448,0.5149997882150089,0.2753430722994477,0.3151698661584506,0.5226327002158851,0.4202451291811676,0.35158260627291343,0.23015275240918676,0.3468928533272634,0.3057127368144052,0.2546215335491373,0.41382210318638646,0.43126126194699443,0.4594225408368092
98BT,-0.5945735287098858,-0.6719912458711959,-0.11922789380154743,-0.2898753588020257,-0.16368562355740024,0.3468163923655571,0.25327518927148246,0.315771547447393,0.2835085606815757,0.26980883506188663,0.3800484816807155,0.1389481891372396,0.06779871295216991,0.2795126798061009,0.13533133989447954,0.2633252675049575,0.1280529118615798,0.5534792364796333,0.5182881692091487,0.6001252506142821,0.7072831395136329,0.6132433736565509,0.6590156025882358,0.6058638968953901,0.46496020397964144,0.4779063930563014,0.608554137623498,0.6456937051604358,0.604780231474282,0.5817446868863887,0.5833632244899337,0.5468120464991365,0.5255848912051724,0.5059125568166017,0.7224137872682028,0.780983327546104,0.7863102817872025,1.0,0.8294264759529097,0.8346806960812456,0.548139533231251,0.6820884801108588,0.6147297360846756,0.6483932340159175,0.63051108706848,0.6662478144161205,0.3712693564632596,0.4896189749522684,0.5422059138200811,0.33227368064605217,0.44762514177031854,0.3970134143102255,0.317421146041433,0.36038001323149543,0.49838250033100173,0.43477750413330757,0.2637777261693655,0.16095430529773475,0.2804815574810416,0.23065616922639398,0.13080337217454968,0.2860415461009785,0.40294916480543425,0.3074409090281065
3C6G,-0.6401959057541932,-0.709196845421049,-0.10255562684489274,-0.3043224591655944,-0.13556708616164934,0.341323364654942,0.22811738678538165,0.2897646355982519,0.263934605439239,0.25110069524601303,0.3852245880739544,0.16948999634269063,0.08424247212960952,0.2609450677787849,0.11998896088630848,0.2782186374845788,0.11106087492104881,0.5996173309051206,0.6401816192740373,0.6579210842924692,0.7153905718995456,0.6903877740182095,0.7958868169277863,0.6214024743031843,0.4721247476089496,0.4761220680979764,0.6413521037967995,0.6713941426272738,0.6519477016383746,0.5939884003650653,0.6111964885143002,0.5730338548228635,0.5489520789462837,0.535981314094041,0.7615482846265966,0.8046287253920132,0.8039114599978064,0.8294264759529097,1.0,0.8635358465483473,0.6005093704874196,0.7149008863431021,0.6431777091979913,0.7216598736992214,0.6456261536416847,0.7024088042229096,0.37176043632873196,0.49776601231726925,0.5623404667506162,0.3276073981463049,0.45747417756012343,0.4092273567681566,0.336994351677926,0.36139441791763904,0.44495768480509623,0.4825099958687294,0.28655106291617477,0.18883879206470716,0.28863868164637596,0.2500475264047523,0.17403965130976387,0.34071890080936473,0.40302829868823425,0.3332529447639274
6FH5,-0.6737395845623046,-0.7713985518892152,-0.052505373991615485,-0.32883220837446886,-0.19652135641311452,0.3569858079756745,0.2708837454093351,0.30606657993187253,0.31291260699700607,0.27768096827107075,0.38681412827913036,0.2311216026110033,0.145445276937569,0.26600333840891727,0.12362091946768776,0.27703461673633145,0.13361759211339058,0.5967422859247397,0.6316835135577055,0.6260089874656869,0.702104479800721,0.640336707750912,0.6948738446591527,0.6255360448327654,0.49801666909817716,0.5096596007571874,0.6779582425659999,0.708271069682479,0.6818606440001277,0.6358157846503015,0.6466240776775309,0.6154920802700719,0.5819803340214443,0.5847086069719972,0.8250159945369421,0.85580189227624,0.8199164916189934,0.8346806960812454,0.8635358465483471,1.0,0.6514918846720301,0.727654568842752,0.6729345664717435,0.6801980327483171,0.6437456253917269,0.7172422465034629,0.38839022037185006,0.5088000665164243,0.5848195809308132,0.3522725951629176,0.4717726688232115,0.4361802092145137,0.33829959563562934,0.3717502466469561,0.5028008033007557,0.4546307809875864,0.2947127196959641,0.20248985396476002,0.28497151937233806,0.2622608127258227,0.23897115273084701,0.366876887606638,0.43767518655377574,0.376827648374306
C88N,-0.7332927551569128,-0.6598177180649089,0.08686980676392661,-0.35509508218006736,-0.23093522678075018,0.2826062875989389,0.2597726214779012,0.21658360905748575,0.26799031381902355,0.23984000547693377,0.33222566182966784,0.21404239720643517,0.24050870403564742,0.1542274429633788,0.06537014864029933,0.23279897654719464,0.12257747206769172,0.5548983761284672,0.6079138330956055,0.46875526790660094,0.4832160732888999,0.6041599506894638,0.6022044470175373,0.5418387448465539,0.39343977197046415,0.46667756622412176,0.6251413373767928,0.61886941047088,0.657718179526021,0.5682898936175277,0.5962148513790562,0.564178088093092,0.6803326581123195,0.7308549531052544,0.6882594170514558,0.7522839329880311,0.7227938779025961,0.548139533231251,0.6005093704874196,0.6514918846720301,1.0,0.8726569869075135,0.8075838402293571,0.665664670166402,0.6754890341882644,0.7155480335015523,0.3350940775824842,0.4492974230456513,0.5168855453099098,0.4308102897178211,0.6000850213125548,0.4912463975515771,0.09911707468596058,0.13166734025790244,0.2999791294840262,0.3373350783539895,0.2326297585411996,0.24753982310056208,0.2131680935466332,0.26988133308421997,0.33833742487145785,0.45520599831657965,0.4053056626915798,0.3698879738566571
J7F9,-0.801839694604362,-0.7581805329276413,0.031994808352744965,-0.34348082885456394,-0.1709989941936154,0.2841103176549505,0.21057799383061143,0.23208788719296009,0.24034261549112892,0.22126349422881594,0.3245191612867889,0.1815771501823409,0.15115602221601698,0.2205561708891177,0.08759462212672273,0.2357471882978056,0.08923147313488777,0.550427833458761,0.5356736180365665,0.5092289514446026,0.5632598468712988,0.6082503743166655,0.6379322491037689,0.6299327495158873,0.4781206365290412,0.5357293931401105,0.7172474693371582,0.7206261257976583,0.7328488524414425,0.6145915998321341,0.6641549739469896,0.6552579628299875,0.7512508965948201,0.7611608293574377,0.7628867684538834,0.8312356639056242,0.8421818950423755,0.6820884801108588,0.7149008863431021,0.7276545688427519,0.8726569869075136,1.0,0.909525504873237,0.7319244333558704,0.7550174102833207,0.7697592580252262,0.40843761554186975,0.5292374743540394,0.6317566746448993,0.4903955886572741,0.6484196237440211,0.5702039925852693,0.12335729278417205,0.1503494902822477,0.3579202589005109,0.39353061294681635,0.2963371581276357,0.24549719733063355,0.2752599281380517,0.2907249495840115,0.3226834317937919,0.4003839629316392,0.3895857133283655,0.36856811853442994
R9K3,-0.7900521287805432,-0.7663645283632302,0.06333282618183456,-0.3514888970184978,-0.12931543942576085,0.21181387138059504,0.13086579620282854,0.13878501727519404,0.16333108157626125,0.13721587729992515,0.28754866951645836,0.16831964042073919,0.13497124271308542,0.18492101163405408,0.0324803655369857,0.16925233808397872,0.03580807866505234,0.4640263469329161,0.46051450761679913,0.4512025923840323,0.4949105549943141,0.5397929236181147,0.572264814087193,0.6504008249853243,0.5339104087684327,0.5828383240878245,0.7438514740740186,0.7420439878906022,0.7493899543282447,0.6464926057289917,0.6806674288319771,0.7225007113520279,0.7876402843680712,0.8279626163862068,0.7383883360053887,0.7624258698289516,0.7761399872938498,0.6147297360846757,0.6431777091979913,0.6729345664717435,0.8075838402293571,0.9095255048732371,1.0,0.6721633788069938,0.691317280816536,0.7131420089290149,0.4347031459537702,0.5440526978635729,0.7414663903588337,0.5785061853704263,0.6729921041964094,0.7092423113430255,0.08677275546784588,0.10658062471671842,0.3226371755072284,0.3189250766330144,0.31939275893805674,0.302582216209545,0.3130457579843806,0.33863581404127335,0.3870244648493831,0.36623240612259117,0.3629482309213367,0.3858668586468159
46CD,-0.6334732546531869,-0.5657744300562294,-0.047627839232920105,-0.3069168852041265,-0.16038078341091297,0.21894727133997932,0.1749618758063918,0.16589137691788913,0.17120962070030696,0.15461224526050438,0.2896971254318055,0.1403012402958685,0.0753863001299702,0.1833576558436361,0.00653304430140587,0.22014110440738172,0.05319977510701033,0.4642607869829828,0.4903620622338023,0.5029121002069538,0.55785338949977,0.5578281777195979,0.6490871140151768,0.5351324151535709,0.36954356760290735,0.41722586623273744,0.5440680990690547,0.5313551941088744,0.5594578720835142,0.44514393072395064,0.4953324393731016,0.49494121028674526,0.5438841457498558,0.5608438329330986,0.5846023592733521,0.6633533750703448,0.678687034521196,0.6483932340159175,0.7216598736992214,0.6801980327483171,0.6656646701664021,0.7319244333558705,0.6721633788069938,1.0,0.6726001350248534,0.6994446850680038,0.33014527647476916,0.49266166818045326,0.5049131774226014,0.3691261619669983,0.5362597717489687,0.4277391982152754,0.08662976576857442,0.10812945312034007,0.3433023341528999,0.41077681514761344,0.25076082051104803,0.18034163773308137,0.20471351198746607,0.21149196760701008,0.2018378773385149,0.32086137518984115,0.3420706378855917,0.24531128771975189
C22U,-0.5638844666438617,-0.6036060127135776,-0.04855315571380243,-0.34251844463215947,-0.23477676327795402,0.4125384988079456,0.31356191019806,0.3694225902905384,0.3816937078799901,0.3443167651400601,0.3621292683836204,0.21223751972840252,0.15495951300375654,0.267745114990723,0.1263047405055564,0.2964891946184264,0.18995494501993923,0.5597668772862665,0.49750127090347646,0.4539068820202264,0.5767852445061015,0.5132306613185932,0.6184852761686931,0.5661553070797504,0.4537528141949411,0.46308457088368526,0.5933066821113944,0.6347563350704567,0.6434779336508498,0.5295717417138192,0.6044387842112058,0.5616749582762788,0.6227046991585102,0.62928604729415,0.6012522050756651,0.6628711493377537,0.6688742028980793,0.63051108706848,0.6456261536416847,0.6437456253917269,0.6754890341882644,0.7550174102833207,0.691317280816536,0.6726001350248534,0.9999999999999998,0.8220004451542295,0.33405903639466716,0.5490032405987281,0.47375180853564147,0.407356647777422,0.5308876319648116,0.4454515120313673,0.12383023489689741,0.1485476644655783,0.3351643300437883,0.38677869185961833,0.21244732166243804,0.21321628720976848,0.22281978564623112,0.23696990850876792,0.20944442828178056,0.3186409701657293,0.42202608778340334,0.279646045871867
I52Y,-0.6067657867713219,-0.6259372065305853,-0.035232629840778275,-0.31311894756335856,-0.21231009385823457,0.3352451784691557,0.26424844341688697,0.2826299808588964,0.2971903560606145,0.2620956746973397,0.36493547939385274,0.21062829393066324,0.1484966613087954,0.21459806208448193,0.11643660384275706,0.265765674209047,0.1334362262218203,0.570296930362624,0.5618952541629152,0.5007769670711022,0.5998363324333387,0.5637411668742967,0.6451171086594714,0.5809404692002325,0.44255911092493405,0.4856664445761001,0.6203665602790768,0.6288880352556053,0.6497454401430404,0.5598165220517487,0.5890992365422867,0.5661142546867208,0.6119169308282859,0.6278184130503721,0.6458719881944912,0.7002419232144945,0.7091521440119071,0.6662478144161205,0.7024088042229096,0.717242246503463,0.7155480335015523,0.7697592580252262,0.7131420089290149,0.6994446850680038,0.8220004451542295,0.9999999999999998,0.357046962090132,0.5739225244630782,0.5274469142631293,0.41177436208695223,0.535184300347508,0.45156195366041174,0.1996482103583146,0.2259417778539242,0.3675395218263318,0.384017967744156,0.22861561787039592,0.211261734172772,0.23601986186741,0.24670990836710405,0.2376754174004382,0.33575966560075343,0.4291072791492881,0.3119585275224934
0JO0,-0.4510361954835531,-0.4685185196038606,-0.053489395815909765,-0.2000636685731352,-0.015506033515779798,0.07372675742631928,-0.020042552652170764,0.022405494398413377,0.0006425556014547832,-0.009746630041842718,0.11256956996105269,0.005515828377837935,-0.019102701081670857,0.09186965108375826,0.012227350764176324,0.04493887740999249,-0.02953875717808242,0.22487140801710886,0.2034579670640179,0.29788339770209293,0.3168112860421054,0.2952257786775305,0.3091080404826464,0.38691227217824964,0.3723888011998391,0.3491824537363348,0.4631664962224399,0.4698219864523616,0.44393928482933975,0.4103016244770357,0.40995741517993917,0.44911752351697737,0.41832549535327945,0.37357140705385,0.446432920984304,0.42565445655291373,0.4557428510405249,0.37126935646325954,0.37176043632873196,0.38839022037185006,0.3350940775824842,0.4084376155418698,0.43470314595377013,0.33014527647476916,0.33405903639466716,0.357046962090132,1.0,0.3410050840471879,0.5080237954880055,0.3172670085088546,0.33901637483022334,0.4257662865532924,0.07114216383869851,0.0731112174266378,0.23701339574164076,0.1398499556674229,0.24300328219849981,0.1940143403706723,0.26595255573698495,0.2268706354848053,0.18687498904525005,0.1768247864190945,0.20107065002564595,0.255399894468614
2T7P,-0.5808120277644039,-0.4642238158005363,0.032846101252166165,-0.20611400850521228,0.050709005123486674,0.015799020976422915,-0.08050532033712517,-0.037742672832511606,-0.03402183899328535,-0.06938054001682027,0.13166828261985422,-0.00858290419171639,-0.07992575107522157,0.1206595565679265,0.004926878197886418,0.03688299887159563,-0.10892581276587852,0.32055063556125274,0.2828400732645983,0.39025220423380924,0.3908292443029296,0.35091683185240374,0.4020210500525539,0.4589814218141262,0.38085560176407846,0.3923181082929502,0.4735498830715196,0.4685855353084264,0.46807874897134943,0.4044779176035363,0.4017921316823152,0.4580904168509178,0.4447078758136011,0.46412590694458794,0.44990613019521775,0.47864677453364013,0.5135684359947306,0.48961897495226847,0.4977660123172693,0.5088000665164243,0.4492974230456513,0.5292374743540394,0.544052697863573,0.49266166818045326,0.5490032405987281,0.5739225244630783,0.3410050840471879,1.0,0.5458896109612281,0.40814537077889623,0.5311845595849545,0.4774330332895214,0.04416952896295094,0.043856214470463326,0.2338384523364578,0.1906774825695803,0.24326171755474404,0.16615023825272346,0.23525050630040947,0.19919451629540105,0.19163262974821949,0.18986243167379832,0.33764720565509126,0.2487783786551941
X1Y5,-0.7099824811659682,-0.7495183104523965,0.02156964349440979,-0.30950063646703146,0.10406856758421368,-0.004213526987114581,-0.13266390265347816,-0.07751597605545565,-0.09038175495567617,-0.10997748166320974,0.11010545907678286,-0.014200317092680851,-0.09049597856765047,0.14285557200565002,-0.061981543507874215,0.034565449201494854,-0.15618505131508134,0.3260682814459922,0.32403133685546454,0.3956021372472657,0.4629506344126304,0.43266472048779603,0.4783881061016371,0.6587680757316227,0.6177911127638512,0.6000251447787819,0.7588928333038291,0.7512435994981322,0.7367490873025258,0.6989923322514315,0.6432251106478137,0.7678919349280316,0.6715692867911336,0.6824776859117697,0.6896759194689074,0.63943903987217,0.7146078295344704,0.5422059138200812,0.5623404667506162,0.5848195809308132,0.5168855453099097,0.6317566746448993,0.7414663903588337,0.5049131774226014,0.4737518085356415,0.5274469142631293,0.5080237954880055,0.5458896109612281,0.9999999999999998,0.5485989517720802,0.6074214890135063,0.7395255979900525,0.1132200104348449,0.10278004111114811,0.3143960042633558,0.19680553161697828,0.3800212492034068,0.3271208064965233,0.4521628116726462,0.41570814304015724,0.34138063148814923,0.2559973962048452,0.3131149378410868,0.44579457494222985
I9D6,-0.528816982041914,-0.4400025319363321,0.12448279660363878,-0.23403707627154716,0.005294310249933795,0.015025339576283244,-0.050078779542789144,-0.032531369362157,-0.010368654390160824,-0.04032874350690933,0.11855731030481771,0.02951885372306544,0.006069608806759744,0.08415002092953258,-0.07098558874686065,-0.009422325832659846,-0.08419714806371598,0.19593831476107285,0.15513175755356132,0.250250270037412,0.2430359316819348,0.24344859108208383,0.26996411738811904,0.4217825003177084,0.3546069569298759,0.5017097187683527,0.4569264916816681,0.44926546945082474,0.4531317335584216,0.39172043962823533,0.4020665320795452,0.5012944354388703,0.5041111177506961,0.561686691293302,0.3859155275290828,0.38590863705743594,0.4070053396770609,0.3322736806460522,0.3276073981463049,0.3522725951629176,0.43081028971782104,0.4903955886572741,0.5785061853704263,0.3691261619669983,0.4073566477774219,0.41177436208695223,0.3172670085088546,0.4081453707788962,0.5485989517720801,1.0,0.6027868091493773,0.6028751389007304,-0.015297048294861537,-0.014734722980831299,0.14540507925015717,0.12306414043348568,0.20282291726970256,0.23646036356088349,0.24061164595344728,0.2549777162326782,0.2891189155332787,0.14929937463189705,0.19509173206200378,0.23316516753155378
27SS,-0.6739070967754521,-0.5265659993826528,0.13643528354698717,-0.3114470300588226,-0.024230521252138877,0.013382587620916478,-0.030800784577066063,-0.028699065182469327,-0.004399272039000905,-0.031154729994347475,0.15707003265061154,-0.008421225446408252,-0.02348446364900542,0.16385808914895833,-0.09641122372599832,0.02716898372892439,-0.10762940224174353,0.2753696388886516,0.2581251097299971,0.3444773177091403,0.3578686352349504,0.36779221882340785,0.42669781011539715,0.5027199630923777,0.4036665952777825,0.5557593585038126,0.5237699883355356,0.5317537047392464,0.5597678280933924,0.4676382966910441,0.48713520674456073,0.577334334476704,0.5877601324044409,0.6808414713840204,0.5006770479008816,0.533108546620721,0.5567470930971448,0.4476251417703185,0.45747417756012343,0.4717726688232115,0.6000850213125549,0.6484196237440211,0.6729921041964094,0.5362597717489686,0.5308876319648116,0.5351843003475081,0.33901637483022334,0.5311845595849545,0.6074214890135063,0.6027868091493773,0.9999999999999998,0.6407579735663502,-0.0025978215620855527,0.005676437787265531,0.19884050761608302,0.21717978742909785,0.2451416788808434,0.2004090530396041,0.25481902919094307,0.24548507709649556,0.24461722487612167,0.22224598738222515,0.23801293463764378,0.24504968449084316
UI76,-0.6190116158320997,-0.6014823275663443,0.10660811441349727,-0.31232262702164765,0.021500814338967302,0.027266997111178196,-0.06641975333201575,-0.04634575885005301,-0.028306721280164093,-0.05312929197788018,0.11765869446154868,0.014950231496727667,-0.026721511572659336,0.11887807792005817,-0.052077059993363865,0.010069572303589576,-0.10615973339068381,0.2470015388394007,0.22092657423987228,0.29368132159881216,0.3074698753004191,0.29636630939927583,0.339442505765049,0.5108872117004273,0.5516335260573721,0.49752542429575514,0.6201511997674274,0.6514541210222855,0.6349728871467692,0.5671662600738213,0.5709090219152649,0.73922915993173,0.6669275537395071,0.8000491604090793,0.51350371871924,0.4815810681621665,0.514999788215009,0.3970134143102255,0.40922735676815664,0.43618020921451367,0.49124639755157706,0.5702039925852693,0.7092423113430255,0.42773919821527534,0.44545151203136724,0.45156195366041174,0.42576628655329246,0.47743303328952136,0.7395255979900526,0.6028751389007304,0.6407579735663502,1.0,0.0006626763009150999,0.002241680450865375,0.1962007656210328,0.14632166492105128,0.2975419613478965,0.45859852633862075,0.4254739787788266,0.45846961034007777,0.37167088314846564,0.2038450952126006,0.24105287390967386,0.33719011876063737
0ED6,-0.05390762189981792,-0.26060499319147773,-0.022573858973936968,-0.05868112160477047,-0.1433226988224727,0.2368206404817698,0.23316598228218507,0.257700349663596,0.2532108473414379,0.2495647311097544,0.24560964067679183,0.16554835039551702,0.15256338987281656,0.12245519850678613,0.09507928754881662,0.22192124466594118,0.13493381890672337,0.22740869871013647,0.2979876089686133,0.19349286350697176,0.34815516064862895,0.2782264804820166,0.28383812842718664,0.19723768378699177,0.18403748697015673,0.16573631291117943,0.2373232362650485,0.2616009755981148,0.258020416252118,0.317598426981534,0.2431113440323601,0.18117153001482061,0.1091124325265094,0.08230404728929167,0.3318923367243674,0.3041614292169288,0.2753430722994477,0.31742114604143296,0.336994351677926,0.33829959563562934,0.0991170746859606,0.12335729278417204,0.08677275546784588,0.08662976576857442,0.12383023489689741,0.19964821035831462,0.07114216383869851,0.044169528962950934,0.11322001043484493,-0.015297048294861535,-0.0025978215620855523,0.0006626763009151,0.9999999999999998,0.8973500178354042,0.36704644861663926,0.23348068353775092,0.06404570047963166,-0.0033527972160318537,0.10555412295228413,0.0897026659513975,-0.026012533295189835,0.15467607594939473,0.07862213823879319,0.12576743672207624
R5K7,-0.05719304638240754,-0.27359427141394055,-0.026145449766326045,-0.07587136452105869,-0.19323494437653788,0.28761641559332213,0.3125640351577201,0.32583527810465157,0.3184456845534616,0.31669748549546856,0.2958000461406404,0.18524191241650975,0.19792874926586065,0.137265888353028,0.10552169773183856,0.2719298566464605,0.1734820827532952,0.25662299537778993,0.33315149661748233,0.2169167200430093,0.3801782713160889,0.3273586130568607,0.32062733291571577,0.21109983612172908,0.18795575049710683,0.17876319509456876,0.24861555535146707,0.2785920712070477,0.2795566462666217,0.332434782081591,0.2677537601422344,0.1947416816523347,0.1302300879939616,0.10696296261783367,0.3614492622007122,0.3485896025010371,0.3151698661584506,0.36038001323149543,0.36139441791763904,0.3717502466469561,0.13166734025790247,0.1503494902822477,0.10658062471671842,0.10812945312034007,0.1485476644655783,0.2259417778539242,0.07311121742663781,0.043856214470463326,0.10278004111114811,-0.014734722980831299,0.005676437787265531,0.0022416804508653752,0.8973500178354044,1.0,0.41274374460522356,0.25891691059650374,0.07058337752655161,0.0025259478095123514,0.10344785431710524,0.0876184979255976,-0.036923747057477,0.17285987183053217,0.08190529266057553,0.12151028994115347
51PW,-0.29035352073299253,-0.4469417110512336,-0.07796136400274488,-0.1983921155374615,-0.18071343357933115,0.2812607195835567,0.2488969786610042,0.263281801589415,0.2582050578538406,0.26602035669703744,0.27678777177772296,0.1364891219501821,0.12702660124067816,0.17237178553216914,0.0852705211065463,0.29074230889852487,0.1447111167694675,0.35741434865879473,0.35709032040095623,0.3233967977842394,0.5250394914378593,0.37017281044739375,0.39780507395185866,0.39032152505406104,0.3384293281906942,0.2984234617178322,0.411763259300951,0.4513423469020725,0.42480421553784775,0.4519514737487283,0.4173731355797464,0.3580606223645802,0.3098840281376937,0.2926439634226004,0.5055094999948837,0.5154235154888005,0.5226327002158851,0.49838250033100173,0.44495768480509623,0.5028008033007558,0.29997912948402616,0.3579202589005109,0.3226371755072284,0.3433023341528999,0.3351643300437883,0.36753952182633187,0.23701339574164074,0.2338384523364578,0.3143960042633558,0.14540507925015717,0.19884050761608302,0.1962007656210328,0.3670464486166393,0.41274374460522356,0.9999999999999998,0.28994940883980014,0.16398397385310384,0.08988548650611979,0.17372811585139122,0.14770556090887313,0.07176197419744049,0.23955217502660914,0.2729206763091836,0.2513605256177526
94GU,-0.25053910380597166,-0.3867946105159968,-0.05619255451725871,-0.14480685829451478,-0.24740152585932604,0.3692325432283119,0.3521654565417987,0.3515415490907506,0.32157716274272263,0.30396252752157626,0.3711445605788466,0.219357369621888,0.24237346591823994,0.09847589412708735,0.1366440742395181,0.2729687685383669,0.21866660569530127,0.3262677742409769,0.33595922691653585,0.32417785566232876,0.4251133772867281,0.34541817561197646,0.4643979434581568,0.3287106159104679,0.28111801743012094,0.2509798534968593,0.34706397812568346,0.3676956065630397,0.3572262006354635,0.33599350064455924,0.3666179380442408,0.3064810982172452,0.32499665436935293,0.3063878007700927,0.4079399435012854,0.4365603797981834,0.4202451291811675,0.43477750413330757,0.48250999586872945,0.4546307809875864,0.3373350783539895,0.3935306129468163,0.3189250766330144,0.41077681514761344,0.38677869185961833,0.384017967744156,0.1398499556674229,0.19067748256958028,0.19680553161697828,0.12306414043348568,0.21717978742909785,0.14632166492105125,0.2334806835377509,0.25891691059650374,0.28994940883980014,0.9999999999999998,0.08120778942428773,0.09292727000369656,0.13155518948436037,0.11840170330929434,0.06292525870833682,0.19074291160882575,0.10518870458959083,0.09459348627207288
DC61,-0.3352096223816518,-0.3856800385979186,0.04130819263038843,-0.17396313678850212,0.11923200274800394,0.00508703550024536,-0.08597956010973996,-0.010898894041301547,-0.03922824571052595,-0.03643379583309977,0.009600498300869459,-0.06709240815987946,-0.08487622231217076,0.14616297102705417,-0.00936175113815354,0.012314985238621885,-0.10452281004093089,0.17825840604463333,0.15098460844536488,0.2261420571027188,0.21523018091302928,0.20724810876155883,0.21804020927065756,0.2887577860487567,0.26840184431276415,0.2409384449852662,0.37935729783612837,0.3595937277722299,0.3351259108915894,0.30556549111409864,0.2978996193314222,0.3371818121370215,0.29144017495818764,0.2876305167731875,0.3563827156819013,0.33658502443715194,0.35158260627291343,0.2637777261693655,0.28655106291617477,0.2947127196959641,0.23262975854119958,0.2963371581276358,0.31939275893805674,0.25076082051104803,0.21244732166243802,0.22861561787039592,0.2430032821984998,0.24326171755474404,0.3800212492034068,0.20282291726970256,0.2451416788808434,0.2975419613478965,0.06404570047963166,0.07058337752655161,0.16398397385310384,0.08120778942428772,1.0,0.11621002852691409,0.21514018833278883,0.19904587275000815,0.10149260392517341,0.1179653834923345,0.148583613188131,0.18961002121847817
O6R6,-0.22936543634647139,-0.31776270041173654,-0.14170259073971644,-0.1244403983041961,-0.059898463971974784,0.11341867822464986,0.06754646141774336,0.0656034366078888,0.07138218340244464,0.06395565471175534,0.06526991189881633,0.11773440834599035,-0.035430412860508124,0.07362429701351689,0.056062433293986406,0.0893499061435343,0.06740235219986207,0.17652575837157328,0.18582143838986726,0.11155889582221017,0.14171337024074881,0.14762846516331307,0.17334243549024206,0.23383784031037946,0.29487468760333824,0.24524002267807546,0.3399107281070772,0.3508209123559201,0.33266169931590134,0.3048984695032607,0.32708546172112357,0.39243068787119184,0.3485969476917264,0.42678263647342446,0.26295562454297267,0.22494555421540144,0.23015275240918676,0.16095430529773477,0.18883879206470716,0.20248985396476002,0.24753982310056205,0.24549719733063358,0.302582216209545,0.18034163773308134,0.21321628720976848,0.211261734172772,0.1940143403706723,0.1661502382527235,0.3271208064965233,0.23646036356088349,0.20040905303960413,0.45859852633862075,-0.0033527972160318545,0.002525947809512352,0.08988548650611979,0.09292727000369655,0.1162100285269141,1.0,0.19911710497388466,0.39883471102706036,0.32081233110690427,0.12222216547994724,0.1555289940403928,0.22690274276334127
B23O,-0.3221655486623452,-0.41875486966319875,-0.09177673741609828,-0.19496937919334834,0.12425165665951492,0.10672623851295765,-0.058438323040855666,0.048565830560362525,-0.021686346922470345,-0.00036030339943301165,0.009057351455040991,-0.19363259158442994,-0.11404187158855532,0.14801284988128485,0.011362105165273854,0.06766560516760624,-0.04431803769446654,0.15955817264965244,0.13588148875042724,0.2123929607797238,0.24869247861150748,0.20709764652043627,0.2543828355554381,0.32697721390299966,0.3686475216621436,0.29834958104826087,0.41532236855163496,0.4384044123216086,0.3897851909424026,0.38556315806660063,0.36387881083336027,0.43355705163486324,0.34161009748835985,0.35806848808745717,0.37186580608919406,0.32664806166279575,0.34689285332726333,0.2804815574810416,0.28863868164637596,0.28497151937233806,0.2131680935466332,0.2752599281380518,0.3130457579843806,0.2047135119874661,0.22281978564623114,0.23601986186740997,0.265952555736985,0.23525050630040945,0.45216281167264627,0.24061164595344728,0.254819029190943,0.42547397877882653,0.10555412295228414,0.10344785431710522,0.1737281158513912,0.13155518948436037,0.21514018833278883,0.19911710497388468,1.0,0.4245200720144229,-0.06293947817569435,0.11276848587349451,0.07734181358015975,0.2340296423847975
O03M,-0.27573908265770675,-0.3994856997038585,0.0044037823826862475,-0.21488436908630082,-0.03174210819533615,0.0949342172580591,0.034737179235758746,0.04707212325191996,0.050028623390399485,0.03870820643003413,0.10216643457177269,0.04632018217692898,0.035098854034273645,0.0657479739995524,-0.006667960078580941,0.061872453375713184,0.015237013410577142,0.17419363881427008,0.18232915013642537,0.1918992963449517,0.20958946763274983,0.20736494706538386,0.23930890767983332,0.3093115559987716,0.3395834348045124,0.31688560629548435,0.42040237966497684,0.4253091748963227,0.41252522618134313,0.3989024077161218,0.3796079089809011,0.4549627278685645,0.3767863370976873,0.4389597587223118,0.3483099822839836,0.2995595160608292,0.3057127368144052,0.23065616922639398,0.25004752640475236,0.2622608127258227,0.26988133308421997,0.2907249495840115,0.3386358140412734,0.21149196760701008,0.23696990850876792,0.246709908367104,0.22687063548480532,0.19919451629540105,0.41570814304015724,0.2549777162326782,0.24548507709649556,0.45846961034007777,0.0897026659513975,0.0876184979255976,0.14770556090887313,0.11840170330929432,0.19904587275000812,0.3988347110270603,0.4245200720144229,0.9999999999999998,0.19884950998598938,0.1440882749778202,0.1346583152971561,0.2538908688542399
AO86,-0.2846306361781651,-0.36835231079343433,0.27710994853059434,-0.08821888579082288,-0.24117994639351473,-0.007391912663450394,0.10693532207945383,-0.07645084801440531,0.11492025147256972,0.016844936797867104,0.2632234282344497,0.5640277236829361,0.2900219641092065,-0.11197509007441436,-0.002787836772602276,-0.031241394194359864,-0.0005357354273409224,0.2805898029159868,0.28957060220737585,0.10666987754530875,0.10681875647170329,0.1704997218428805,0.12256130738238516,0.24265552940295265,0.28440598109757503,0.28979384108022116,0.382735265044293,0.35411682227020763,0.3728851728494186,0.37321428636564596,0.3504906771841436,0.40338201377882743,0.3643383369133488,0.4122529350568854,0.31040198432693056,0.2532332892196093,0.2546215335491373,0.13080337217454968,0.17403965130976387,0.23897115273084701,0.33833742487145785,0.3226834317937919,0.3870244648493831,0.2018378773385149,0.20944442828178053,0.2376754174004382,0.18687498904525005,0.19163262974821949,0.3413806314881493,0.2891189155332787,0.24461722487612164,0.37167088314846564,-0.026012533295189835,-0.036923747057476995,0.07176197419744049,0.0629252587083368,0.10149260392517341,0.3208123311069043,-0.06293947817569435,0.19884950998598938,0.9999999999999998,0.23635586365140807,0.4346328241983916,0.5239815918085947
9T8E,-0.33500349076762576,-0.3983671652392241,0.06896220593496712,-0.19548355387093322,-0.14758113467106904,0.22786306039735924,0.1742118946731632,0.20023671179227193,0.20864963693714828,0.20590067764712422,0.1646007746991968,0.17235849546912912,0.20414059854437802,0.168303257230668,0.10133964564613418,0.16679883524415004,0.08982554734141775,0.5042568441666501,0.5042943011143102,0.2701672207789862,0.29745693456183114,0.3488221036459422,0.34027684999658553,0.27081642283163304,0.19868650887065828,0.2351439194972129,0.357874835454327,0.35279187395664163,0.39556000057645757,0.33164913979202115,0.34194930639223997,0.29335764114038665,0.311639805139003,0.31545751350277906,0.44918348534661845,0.4644825557618241,0.4138221031863865,0.2860415461009785,0.34071890080936473,0.36687688760663806,0.45520599831657965,0.40038396293163914,0.3662324061225912,0.3208613751898411,0.3186409701657293,0.3357596656007535,0.1768247864190945,0.18986243167379832,0.2559973962048452,0.14929937463189705,0.22224598738222515,0.20384509521260064,0.15467607594939473,0.17285987183053217,0.23955217502660914,0.19074291160882575,0.11796538349233449,0.12222216547994724,0.11276848587349453,0.1440882749778202,0.23635586365140807,1.0,0.3701389839815339,0.3580619971671663
1KB2,-0.3185076669728965,-0.36529928961234676,0.033855635769402134,-0.1750407555640597,-0.15473130048431707,0.1976688523700357,0.1537720194394914,0.14245028873311533,0.24520932891888514,0.20381417745275995,0.2142243981572184,0.30079248232759004,0.08313229084078802,0.19515144391531078,0.16241878442930122,0.15850414966580992,0.07989711067056528,0.6718880990416154,0.5753365578661414,0.3344850429684985,0.39115650554260817,0.3863955737897157,0.3529626611127631,0.324151174565199,0.2713570126958648,0.2820719422006753,0.3732902852156266,0.38731214188777324,0.39076943891703425,0.41222500586679317,0.3828678169824776,0.33426875804981854,0.3299967751903104,0.305947664326924,0.4008038779338025,0.41641001512427767,0.4312612619469944,0.40294916480543425,0.4030282986882342,0.4376751865537757,0.4053056626915798,0.3895857133283655,0.36294823092133666,0.3420706378855917,0.4220260877834033,0.4291072791492881,0.20107065002564592,0.33764720565509126,0.3131149378410868,0.19509173206200375,0.2380129346376438,0.24105287390967386,0.07862213823879317,0.08190529266057553,0.27292067630918354,0.10518870458959083,0.148583613188131,0.1555289940403928,0.07734181358015975,0.1346583152971561,0.43463282419839167,0.3701389839815339,1.0,0.5439001801611238
SM54,-0.3486534961371986,-0.5094779077071401,0.05117447121366288,-0.193383114935988,-0.12446027898854393,0.11284433850487255,0.08915097761535508,0.0456623159834947,0.1210511432245825,0.07999352577673763,0.1899307359988304,0.23484902955204673,0.11075073771919702,0.08019167675576408,0.06768187662745283,0.08697976835845378,0.022615111403903116,0.46606349702369837,0.4431462281605314,0.2629993280210843,0.2965855550867045,0.32346711962181895,0.29531000505267,0.3493344977605571,0.3709050712891445,0.34605592851207606,0.48822138650942215,0.5010588319756157,0.47728102911843345,0.5002442242531275,0.4545688289778634,0.45071591757400364,0.3862996023351737,0.3756535423211462,0.4967625591121968,0.4329863822291035,0.4594225408368092,0.3074409090281065,0.3332529447639274,0.37682764837430593,0.3698879738566571,0.36856811853442994,0.3858668586468159,0.24531128771975189,0.279646045871867,0.3119585275224934,0.255399894468614,0.2487783786551941,0.44579457494222985,0.23316516753155378,0.24504968449084316,0.3371901187606374,0.12576743672207624,0.12151028994115348,0.2513605256177526,0.09459348627207288,0.18961002121847817,0.22690274276334127,0.2340296423847975,0.2538908688542399,0.5239815918085947,0.35806199716716625,0.5439001801611237,1.0
