studytab_name,country,regiongroup,groupsize,teacherexperience,contacthours,participantgroup,participanttype,activecontroltype,interventiontype,USA,nr_rand,sample_category,age_mean_sd,women,outcomes,intervention,controls,timepoints,d1,d2,d3,d4,d5,developedadapted,taught,coi,excludeAErisk
?tefan 2018,Romania,3,"Y, 9 to 12",2,12,3,1.universal,,2,no,71,Undergraduates (1),18.92 (1.04),93%,"Anx, Dep, Dis, Self",MBSR (2),Waitlist (1),Post-int,Some,High,High,High,Some,N,Y,N,no
Aeamla-Or 2015,Thailand,5,check,2,27.5,3,1.universal,,3,no,127,Nursing students (1),19.17 (0.86),91%,"Dep, Dis, Mindf, Real func, Self",MBSR (3),Treatment as usual- from the University Mental Health Counselling Centre (1),"Post-int, 8w, 24w",Low,Low,Low,High,Some,N,Y,NR,no
Agee 2009,US,1,"Y, NR",2,5,1,1.universal,1,1,yes,43,Nonclinical community adults (1),41.63 (13.04),91%,"Dis, Mindf",Mindfulness meditation (1),Progressive Muscle Relaxation (3),"Post-int, 1m, 3m",Some,High,High,High,High,N,Y,NR,yes
Allen 2012,Denmark,3,"Y, NR",2,12,1,1.universal,,1,no,61,Community adults (1),NA,55%,Cog,Mindfulness training (1),Shared Reading and Learning (2),Post-int,Some,High,High,Some,Some,N,N,N,yes
Amutio 2015,Spain,3,"Y, 21",1,28,4,2.selective,,3,no,42,Physicians (2),47.31 (9.42),57%,"Mindf, Real func",MBSR (3),Waitlist (1),Post-int,Some,High,High,High,Some,N,NR,N,yes
Anclair 2018,Sweden,3,"Y, NR",2,16,5 (parent of children with chronic conditions),2.selective,2,2,no,21,Parents of children with chronic conditions (2),41 (6.1),93%,"Dis, Real func",Here and Now Version 2.0 (2),CBT intervention (3),Post-int,Some,High,Some,High,Some,N,N,NR,yes
Anderson 2007,Canada,1,"Y, NR",1,16,1,1.universal,,3,no,86,Healthy adults (1),39.35,92%,"Anx, Cog, Dep",MBSR (3),Waitlist (1),Post-int,Some,High,High,High,Some,N,NR,NR,no
Armstrong 2016,UK,3,"Y, NR",1,16,3 and 1,3.indicated,,2,no,34,University students and staff identified as having difficulties coping with stress (3),29.55 (8.42),91%,"Anx, Dep, Mindf, Real func, Self",MBCT (2),‘Get Self-Help’ online course (http://www.getselfhelp.co.uk/) (2),1m,Low,Some,High,High,Some,Y,Y,NR,yes
Arredondo 2017,Spain,3,"Y, NR",1,15,1,1.universal,,2,no,40,Employees (1),36.6 (5.6),78%,"Dis, Mindf, Real func, Self",Brief integrated mindfulness practices (M-PBI) (2),Waitlist (1),"Post-int, 3m",Some,High,High,High,Some,Y,NR,Y,no
Astin 1997,US,1,"Y, 14",2,16,3,1.universal,,3,yes,28,Undergraduate health students (1),NA,64%,Dis,MBSR (3),Waitlist (1),Baseline,Some,High,High,High,Some,N,Y,NR,no
Asuero 2014,Spain,3,"Y, 21 for one group and 22 for other",1,28,4,2.selective,,3,no,68,Primary health care professionals (2),47 (8),92%,"Mindf, Real func",MBSR (3),Waitlist (1),Post-int,Some,High,High,High,Some,Y,N,NR,no
Auseron 2018,Spain,3,"Y, NR",1,20,4,2.selective,,2,no,48,Primary care health professionals (2),49.9 (8.2),84%,"Dis, Mindf, Real func, Self",Mindfulness y autocompasión  (2),No intervention (1),Post-int,Low,Some,High,High,High,Y,NR,NR,yes
Barrett 2012,US,1,"Y, NR",1,27.5,2,2.selective,3,3,yes,154,Older adults (2),59.3 (6.6),82%,"Dis, WB, Mindf, Somat, Real func",Mindfulness meditation (3),a) Waitlist (1) b) Exercise program (3),"Post-int, 3m",Low,High,Low,High,Some,N,N,NR,yes
Barrett 2018,US,1,"Y, 14 to 16",1,25,1,1.universal,3,3,yes,413,Adults aged 30 to 69 years (1),49.6 (11.6),76%,"Dep, Dis, WB, Mindf, Somat, Real func",MBSR (3),a) No intervention (1) b) Progressive moderate intensity exercise (3),"Post-int, 2m, 3m, 6m",Low,Some,Low,High,Low,N,N,N,yes
Beattie 2017,Australia,6,"Y, NR",1,16,5 (pregnant women),2.selective,2,2,no,48,Pregnant women (2),28.7,100%,"Dep, Dis, Mindf",Mindfulness in Pregnancy Intervention (MiPP) (2),Pregnancy Support Active Control Intervention (PSP) (3),"Post-int, 6w",Low,Some,High,High,Low,Y,Y,N,yes
Behbahani 2018,Iran,4,"Y, NR",2,12,5 (parents of children with ADHD),2.selective,,1,no,60,Parents/carers (2),NA,100%,Dis,Mindful Parenting Training (1),No intervention (1),"Post-int, 2m",Some,High,High,High,Some,N,NR,N,yes
Benn 2012,US,1,"Y, NR",1,36,5 (parents and educators of children with special needs),2.selective,,2,yes,70,Parents and educators of children with special needs (2),26 - 60,92%,"Dep, Dis, WB, Mindf, Self",SMART-in-Education (Stress Management and Relaxation Techniques) program (2),Waitlist (1),"Post-int, 2m",Some,High,High,High,Some,N,NR,NR,no
Berghmans 2010,France,3,"Y, 15 to 20",2,27.5,3,1.universal,,3,no,26,Students (1),27.52 (5.8),78%,"Anx, Dep",MBSR (3),No intervention (1),Post-int,Some,High,High,High,Some,N,NR,NR,no
Black 2015,US,1,"Y, NR",1,12,2,3.indicated,2,1,yes,49,Older adults with sleep disturbance (3),66.3 (7.4),67%,"Anx, Dep, Dis, Mindf, Somat",MAPs (1),Sleep Hygiene and Education (SHE) (3),Post-int,Low,Some,Some,High,Some,N,N,NR,yes
Brown 2016,US,1,"Y, 10-20",1,14,5 (carers),2.selective,,3,yes,38,Carers (2),61.14 (10.41),84%,"Dis, Real func",MBSR (3),near-structurally equivalent to standard Social Support (SS) (2),"Post-int, 3m",Some,Some,Low,High,Some,N,NR,N,yes
Carmody 2011,US,1,"Y, approx. 25",1,27.5,5 (meno and -post-menopausal women),2.selective,,3,yes,110,Menopausal and postmenopausal women (2),53 (4.9),100%,"Anx, Dep, Dis, Mindf, Somat",MBSR (3),Waitlist (1),"Post-int, 9 to 20w change",Low,High,High,High,Some,N,N,N,no
Carson 2004,US,1,"Y, 6 to 8 couples per group",1,27,1,1.universal,,2,yes,114,Non-distressed heterosexual couples (1),38 (11.43),50%,Dis,Mindfulness-Based Relationship Enhancement (2),Waitlist (1),"Post-int, 3m",Some,High,High,High,Some,Y,Y,NR,no
Cerna 2019,Chile,2,"Y, NR",1,6,1,1.universal,,1,no,103,General adults (1),30.9,75%,"Dep, WB",Brief mindfulness training program (1),Waitlist (1),Post-int,Low,High,High,High,Some,N,NR,N,yes
Christopher 2018,US,1,"Y, 30 participants halved",2,22,6,2.selective,,1,yes,61,Law enforcement officers (2),43.99 (6.07),13%,"Anx, Cog, Dep, Dis, Somat, Real func, Self",Mindfulness-Based Resilience Training (MBRT) (1),Waitlist (1),"Post-int, 3m",Some,High,Some,High,Some,Y,Y,Y,no
Cohen-Katz 2004,US,1,"Y, NR",1,26,4,2.selective,,3,yes,27,Healthcare workers (2),46,100%,"Dis, Mindf, Real func",MBSR (3),Waitlist (1),Post-int,Some,High,High,High,Some,N,Y,NR,yes
Corsica 2014,US,1,"Y, NR",1,5,"5 (people who “eat poorly when stressed and worry about weight gain,”)",3.indicated,2,3,yes,53,"People who “eat poorly when stressed and worry about weight gain,” (3)",45.4 (10.4),98%,"Dis, Real func",a) MBSR merged with b) MBSR plus Stress-eating intervention (3),Stress-eating intervention (3),"Post-int, 6w",Some,High,High,High,Some,N,Y,N,yes
Cousin 2016,UK,3,"Y, NR",1,16,1,1.universal,,2,no,87,Adults (1),49 (13),77%,"Dis, WB",MBCT (2),Waitlist (1),Post-int,Some,High,High,High,Some,N,NR,NR,yes
DamiaoNeto 2019,Brazil,2,"Y, 45",1,12,3,1.universal,,1,no,141,Medical students (1),18.97,50%,"Anx, Dep, Dis, Mindf",Mindfulness meditation (1),‘Introduction to University Life’ classes (2),Post-int,Some,Some,High,High,Some,N,Y,N,no
Davidson 2003,US,1,"Y, NR",1,27,1,1.universal,,3,yes,48,Healthy employees (1),36,71%,"Anx, Dis, WB",MBSR (3),Waitlist (1),"Post-int, 4m",Some,High,High,High,Some,N,NR,NR,no
DeVibe 2013,Norway,3,"Y, NR",1,15,3,1.universal,,3,no,293,Health undergraduate students (1),23.8 (5.2),76%,"Dis, WB, Mindf, Real func",MBSR (3),No intervention (1),"Post-int, 2y, 4y, 6y, 3y after final exam?** ",Low,High,High,High,Some,N,Y,N,no
Delgado 2010,Spain,3,"Y, NR",1,10,3,1.universal,1,1,no,36,Female university students (1),18 - 24,100%,"Anx, Dep, Dis, WB",Mindfulness training (1),Relaxation training programme (3),Post-int,Some,High,High,High,Some,N,NR,NR,yes
Delgado-Pastor 2015,Spain,3,"Y, NR",2,6,3,1.universal,,1,no,45,Female university students (1),21.5 (3.94),100%,"Dep, Dis, WB, Mindf",a) Mindfulness cognitive training merged with b) Mindfulness interoceptive training group (1),No intervention (1),Post-int,Some,High,High,High,Some,N,NR,NR,yes
Desbordes 2012,US,1,"Y, NR",2,16,1,1.universal,2,1,yes,51,Healthy adults (1),34.1 (7.7),62%,"Anx, Dep",Mindful attention training (1),a) Cognitively-Based Compassion Training (3) merged with b) Health discussion control intervention (3),Post-int,Some,High,High,High,Some,Y,N,N,yes
Duncan 2017,US,1,"Y, NR",1,18,5 (first-time mothers),2.selective,,6,yes,29,First-time mothers in their third trimester of pregnancy (2),NA,100%,"Anx, Dep, Dis, Mindf, Somat, Self",Mind in Labor (MIL): Working with Pain in Childbirth (6),Treatment as usual: standard childbirth education (2),Post-int,Low,Low,Low,High,Some,Y,Y,Y,no
Dvorakova 2017,US,1,"Y, 20 to 25",1,11,3,1.universal,,1,yes,109,First year undergraduates (1),18.2 (0.4),66%,"Anx, Dep, WB, Mindf, Somat, Self",Learning to BREATHE (L2B) (1),Waitlist (1),Post-int,Some,High,Low,High,Some,Y,NR,N,no
Dykens 2014,US,1,"Y, <15",2,9,5 (mothers of children with dev. Issues),2.selective,2,3,yes,243,Mothers of children with developmental disabilities (2),40.87 (8.92),100%,"Anx, Dep, Dis, WB, Somat",MBSR (3),Positive Adult Development (3),"Post-int, Mid-int, 1m, 3m, 6m",Some,High,Some,High,High,Y,N,Y,no
Dziok 2010,US,1,"Y, 39 participants halved",1,12,1,1.universal,,3,yes,52,Community members living in Bronx and Manhattan communities (1),43.71 (13.4),85%,"Anx, Dep",Mindfulness meditation (3),Waitlist (1),0 to 180 days post-int,Some,High,High,High,Some,N,N,NR,no
Esch 2017,Germany,3,"Y, NR",1,7.5,1,1.universal,,1,no,32,Adults (1),26.69 (7.62),67%,"Cog, Mindf",Combined breathing/mindfulness meditation technique (1),No intervention (1),Post-int,Low,High,Low,High,Some,Y,Y,N,yes
Ferraioli 2013,US,1,"Y, NR",1,16,5 (parents of children with ASD),2.selective,,2,yes,21,Caretakers: parents of children with ASD (2),NA,67%,"Dis, Mindf",Mindfulness-Based Parent Training (MBPT) (2),Skill-Based Parent Training (SBPT) (2),"Post-int, 3m",Some,High,High,High,Some,Y,Y,NR,no
Fiocco 2018,Canada,1,"Y, 8 to 13",1,18,2,1.universal,2,1,no,96,Older adults (1),68.98 (4.72),73%,Dis,Mindfulness-Based Intervention (1),Reading and Relaxation Program (3),Post-int,Some,Some,High,High,Some,N,NR,N,yes
Flook 2013,US,1,"Y, 10",1,26,1,2.selective,,3,yes,18,Public elementary school teachers (2),43.06 (9.87),89%,"Cog, Dis, Mindf, Real func, Self",MBSR (3),Waitlist (1),Post-int,Some,High,High,High,Some,Y,NR,NR,no
Frisvold 2009,US,1,"Y, NR",1,27.5,4,3.indicated,,3,yes,40,Midlife female nurses with high stress levels (3),48.25 (5.56),100%,"Dep, Dis, Mindf, Somat",MBSR (3),Attention control menopausal education program (2),"Post-int, 8w",Some,Some,Low,High,Some,N,N,NR,no
Galante 2018,UK,3,"Y, <30",1,11,3,1.universal,,1,no,670,University students (1),NA,63%,"Dis, WB, Real func",Mindfulness Skills for Students [MSS] plus mental health support as usual (1),Mental Health support as usual (1),"Post-int, 1-4m, 10m",Low,Some,Low,High,Low,N,N,N,yes
Gallego 2014,Spain,3,NR,1,8,3,1.universal,3,2,no,125,University students (1),20.07 (3.68),58%,Dis,Mindfulness group (2),a) No intervention (1) b) Physical Education group (3),Post-int,Some,High,High,High,Some,N,NR,NR,no
Gambrel 2015,US,1,"Y, 3 to 5 couples per group",1,8,5 (expecting couples),2.selective,,2,yes,72,Pregnant couples (2),31.67,52%,"Dis, WB, Mindf",Mindful Transition to Parenthood Program (2),Waitlist (1),Post-int,Some,High,High,High,Some,Y,Y,NR,yes
Giannandrea 2018,Italy,3,"Y, NR",2,,1,1.universal,,3,no,60,Adults (1),35.7 (12.1),67%,"Cog, Mindf",MBSR (3),Waitlist (1),Post-int,Some,High,High,High,Some,N,Y,N,no
Glass 2019,US,1,"Y, NR",1,4.5,3,1.universal,,3,yes,57,University athletes (1),19.32 (1.25),85%,"Anx, Dep, Dis, WB, Mindf",Mindful Sport Performance Enhancement (3),Waitlist (1),Post-int,Some,High,High,High,Some,Y,Y,N,no
Grandpierre 2013,Canada,1,"Y, NR",1,9,3,2.selective,,2,no,40,University students with academic difficulties (2),25.10 (6.07),70%,"Cog, Dis, Real func",Mindfulness for Academic Success (MAS) group (2),Waitlist (1),Post-int,Some,High,High,High,Some,Y,Y,NR,yes
Greenberg 2010,Israel,4,"Y, NR",1,18,1,1.universal,,2,no,76,General adults (1),25.73 (2.53),63%,Cog,Mindfulness training (2),Waitlist (1),Post-int,Some,High,High,Some,Some,Y,Y,N,no
Greeson 2014,US,1,"Y, 12 to 14",2,5,3,1.universal,,1,yes,90,University students (1),25.4 (5.7),66%,"Dis, Mindf, Somat, Self",Koru (1),Waitlist (1),Post-int,Some,High,Some,High,Some,Y,NR,NR,no
Guardino 2014,US,1,"Y, NR",1,12,5 (pregnant women),1.universal,,1,yes,47,Pregnant women with elevated stress levels (3),33.13 (4.79),100%,"Dis, Mindf",MAPs (1),Reading control group (2),"Post-int, 6w",Some,Some,High,High,Some,N,N,NR,no
Haarig 2016,Germany,3,"Y, NR",2,12,1,1.universal,,1,no,28,Adults (1),41.45 (11.75),70%,"Dep, Mindf, Real func",Mindfulness-Oriented Stress Management Training (AST) (1),Waitlist (1),"Post-int, 3m ",Some,High,Low,High,Some,N,Y,NR,yes
Hou 2013,China,5,"Y, 12 to 15",1,16,5 (carers),2.selective,,3,no,141,Caregivers (2),57.49 (8.84),83%,"Anx, Dep, Dis, Mindf, Self",MBSR (3),Self-help health education (2),"Post-int, 3m",Low,High,High,High,Some,N,NR,N,yes
Huang 2015,Taiwan,5,"Y, <25",1,16,1,1.universal,,3,no,144,Employees (1),42.55,41%,Dis,MBI (3),Waitlist (1),"Post-int, 8w",Low,High,Low,High,Some,N,Y,N,no
Hunt 2018,US,1,"Y, NR",2,4,3,1.universal,6,1,yes,119,Psychology undergraduates (1),19.3,74%,"Dep, Dis, WB",a) Mindfulness training merged with b) Multicomponent Mindfulness Training and Yoga (1),c) No intervention (1) d) Yoga Alone (3) merged with e) Study Break with a Therapy Dog (3),Post-int,Some,High,High,High,Some,Y,Y,N,yes
Hwang 2019,Australia,6,"Y, NR",1,12,1,2.selective,,3,no,185,School teachers (2),42.34 (12.6),84%,"Dis, Mindf, Somat, Real func, Self",Reconnected (3),Waitlist (1),"Post-int, 6w",Some,Some,Some,High,Some,N,NR,N,no
Ireland 2017,Australia,6,NR,2,10,4,2.selective,,2,no,44,Intern doctors (2),26.88 (4.79),64%,"Dis, Real func",Mix mindfulness education and practice (2),One-hour break per week (2),"Mid-int, Post-int",Some,High,Some,High,Some,Y,NR,N,no
Isbel 2019,Australia,6,"Y, NR",2,16,2,1.universal,2,1,no,120,Older adults (1),71,65%,"Dis, Cog, WB",Mindfulness-Based Attention Training Program (1),Computer-Based Attention Training Program (3),Post-int,Some,High,High,High,Some,Y,Y,N,yes
Jain 2007,US,1,"Y, NR",1,12,3,1.universal,1,3,yes,104,Healthcare students (1),25,81%,"Dis, WB",Mindfulness meditation (3),a) Waitlist (1) b) Somatic Relaxation (3),Post-int,Some,High,High,High,Some,N,NR,NR,no
James 2018,UK,3,?,1,16,3,3.indicated,,2,no,65,Students with difficulties due to perfectionism (3),18 - 39,82%,"Anx, Dep, Dis, Mindf, Self",MBCT (2),Pure Self-Help Intervention (2),"Post-int, 10w",Low,Some,High,High,Some,Y,Y,NR,yes
Josefsson 2014,Sweden,3,"Y, approx. 20",1,5.25,1,1.universal,1,1,no,98,Volunteer workers (1),49.65 (10.3),91%,"Anx, Cog, Dep, WB, Mindf",Mindfulness meditation (1),Relaxation Training Condition (3),Post-int,Some,High,High,High,Some,N,NR,NR,no
Kang 2009,South Korea,5,"Y, NR",1,14,3,1.universal,,3,no,41,Female nursing students (1),22.47 (1.22),100%,"Dep, Dis",Stress coping program (3),No intervention (1),Post-int,Low,High,High,High,Some,Y,Y,NR,yes
Kaviani 2008,Iran,4,"Y, NR",1,20,3,3.indicated,,2,no,30,Stressed female students (3),21.5,100%,"Anx, Dep",MBCT (2),Waitlist (1),"Post-int, 1m, 6m",Some,High,Low,High,Some,N,NR,NR,no
Kingston 2007,UK,3,"Y, NR",1,6,3,1.universal,4,1,no,45,Students (1),23,79%,"Dis, WB, Mindf",Mindfulness training (1),Guided visual imagery (3),Post-int,Low,Some,High,High,Some,N,NR,NR,no
Kirk 2016,US,1,"Y, 26",1,28,1 and 3,1.universal,1,1,yes,51,University staff and students (1),31.68 (10.04),55%,"Dis, WB, Mindf",Mindfulness training (1),Progressive muscle relaxation (3),Post-int,Some,High,High,High,Some,N,NR,NR,yes
Klatt 2009,US,1,"Y, NR",1,6,1,1.universal,,3,yes,48,Volunteer workers (1),44.99 (2.53),34%,"Dis, Mindf, Somat",MBSR (3),Waitlist (1),Post-int,Some,High,High,High,Some,Y,NR,NR,no
Klatt 2017,Denmark,3,"Y, NR",2,9,1,1.universal,,3,no,81,Employees (1),42.58 (9.27),69%,"Dis, Somat, Real func",Mindfulness in Motion (3),Waitlist (1),Post-int,Some,High,Some,High,Some,Y,Y,N,no
Kor 2019,China (HK),5,"Y, 18",2,14,5 (caregivers),1.universal,,2,no,36,Family caregivers (2),57.1 (10.6),83%,"Anx, Dep, Dis, Real func",Modified MBCT program (2),TAU and brief education (1),"Post-int, 3m",Low,Some,Low,High,Low,Y,NR,NR,yes
Krick 2019,Germany,3,"Y, 8 to 15",1,12,6,1.universal,,2,no,267,Police officers (2),25.96 (5.57),21%,"Dis, Mindf, Self",Mindfulness and Resource-Based Worksite Training (2),Regular education courses (1),Post-int,Some,Some,Low,High,Some,Y,NR,N,no
Kuhlmann 2016,Germany,3,"Y, 6 to 11",1,7.5,3,1.universal,4,2,no,182,Medical and dental students (1),23.39 (3.91),84%,"Dis, WB, Mindf, Self",MediMind (2),a) Waitlist (1) b) Autogenic training (3),"Post-int, 1y",Low,High,High,High,Low,Y,N,N,yes
Lacerda 2018,Brazil,2,"Y, NR",2,9,1,1.universal,,1,no,77,Workers with stress complaints (3),36.62,57%,"Anx, Cog, Dep, Dis, Mindf",PROGRESS (1),Waitlist (1),Post-int,Some,High,High,High,Some,N,Y,Y,yes
Lara-Cinisomo 2019,US,1,"Y, NR",1,16,5 (caregivers),1.universal,,2,yes,23,Carers of veterans (2),58.09 (12.43),96%,"Anx, Dep, Dis, Mindf",MBCT (2),Waitlist (1),Post-int,Some,High,Low,High,Some,N,Y,N,yes
Lebares 2019,US,1,"Y, 9 to 12",1,19,4,1.universal,2,3,yes,21,Surgery interns (2),40.91 (5.78),38%,"Cog, Dep, Dis, Mindf, Real func",MBSR (3),Active control group (3),"Post-int, 12m after baseline**  ",Some,High,Low,High,Some,Y,Y,Y,no
Lee 2010,South Korea,5,"Y, NR",1,20,1,1.universal,,2,no,75,Middle-aged women (1),40.91 (5.78),100%,"Anx, Dep, WB, Mindf, Somat, Self",MBCT + self-compassion (2),Waitlist (1),Post-int,Some,High,High,High,Some,N,Y,NR,yes
Li 2018,China,5,"Y, NR",1,20,1,1.universal,,2,no,34,General adults (1),29.4 (9.15),67%,"Cog, Mindf",MBCT (2),Waitlist (1),Post-int,Some,High,High,High,Some,Y,NR,N,no
Lin 2019,China,5,"Y, 25 to 30",1,16,4,2.selective,,3,no,110,Nurses (2),31.5 (6.9),93%,"Dis, WB, Real func",MBSR (3),Waitlist (1),"Post-int, 3m",Some,High,High,High,Some,N,NR,N,yes
Liu 2013,China,5,"Y, NR",1,15,3,1.universal,,2,no,72,College and graduate students (1),29.3 (13.4),89%,"Dis, WB, Mindf",Mindfulness training (2),Waitlist (1),Post-int,Some,High,High,High,Some,Y,NR,NR,no
Liu 2015,China,5,"Y, NR",2,20,3,1.universal,,2,no,65,General adults (1),26.94 (6.7),70%,Mindf,MBCT (2),Waitlist (1),Post-int,Some,High,High,High,Some,Y,N,N,no
Lo 2017,China,5,"Y, 15 to 20",1,9,5 (parents of children with dev. Issues),2.selective,,2,no,180,Parents of children with developmental disabilities (2),38.87 (5.92),94%,"Dep, Dis, Mindf",Brief Mindfulness-Based Program (2),Waitlist (1),Post-int,Some,High,Low,High,Some,Y,Y,NR,yes
Lonnberg 2020,Sweden,3,"Y, 8 to 14",1,10,5 (pregnant women),2.selective,2,1,no,193,Pregnant women (2),32,100%,"Dep, Dis, Mindf",Mindfulness-Based Childbirth and Parenting (1),Lamaze program (3),"Post-int, 3-5m",Low,Some,Low,High,Some,Y,Y,Y,yes
Lopez-Maya 2019,US,1,"Y, NR",1,20,5 (stressed adults),3.indicated,2,1,yes,76,Stressed adults (3),42.8 (15.34),79%,"Dep, Dis, Mindf, Self",MAPs (1),Health Education Program (HE) (3),Post-int,Low,Some,Some,High,Some,Y,NR,N,yes
Lynch 2018,UK,3,"Y, 14",2,16,3,1.universal,,6,no,38,University students (1),26.07 (8.25),77%,"Anx, Dep, Dis, Mindf",Mindfulness-Based Coping with University Life (MBCUL) (6),Waitlist (1),Post-int,Some,High,High,High,Some,Y,Y,Y,yes
Ma 2019,China (HK),5,"Y, 7 to 8",1,12,5 (stressed adults),3.indicated,3,2,no,43,Stressed adults (3),38.76 (15.06),83%,"Anx, Cog, Dep, Dis, Mindf",MBCT (2),Physical exercise program (3),"Post-int, 2m",Some,Some,Low,High,Some,Y,Y,NR,yes
MacCoon 2012,US,1,"Y, NR",1,28,1,1.universal,6,3,yes,63,General adults (1),48.05 (10.74),63%,"Cog, Dis, WB, Mindf, Somat",MBSR (3),a) HEP (Health Enhancement Program) (3) b) Waitlist (1),"Post-int, 4m",Low,Some,Some,High,High,N,N,Y,yes
Malarkey 2013,US,1,"Y, <18",1,10,1,1.universal,,3,yes,186,University workers (1),50,88%,"Dep, Dis, Somat",MBI (3),Lifestyle education group (2),Post-int,Some,Some,High,High,Some,N,NR,NR,yes
Malinowski 2017,UK,3,"Y, NR",1,6,2,1.universal,6,2,no,56,Older adults (1),64.5,73%,"Cog, WB, Mindf, Self",Mindfulness training (2),Brain training group (3),Post-int,Some,Some,High,High,Some,Y,NR,N,yes
Manotas 2014,Colombia,2,"Y, NR",1,8,4,2.selective,,3,no,131,Healthcare workers (2),39.07 (8.16),90%,"Dis, Mindf",Mindfulness training (3),Waitlist (1),Post-int,Some,High,High,High,Some,N,Y,NR,no
Moody 2013,US and Israel,1 and 4,"Y, NR",1,15,4,2.selective,,3,no,47,Paediatric oncology staff (2),NA,80%,"Dep, Dis, Real func",Mindfulness-based course (3),No intervention (1),Post-int,Some,High,High,High,Some,Y,Y,N,no
Moritz 2006,Canada,1,"Y, <15",2,10.5,5 (emotional stress),3.indicated,6,3,no,165,Self-referred stressed individuals (3),44.03,78%,Dis,Meditation group (3),a) Waitlist (1) b) CINIM spirituality teaching program (3),"Post-int, 1m",Low,High,High,High,Some,N,NR,NR,no
Moynihan 2013,US,1,"Y, 15 to 20",1,21,2,1.universal,,3,yes,219,Older adults (1),73.45 (6.68),62%,"Cog, Dep, Dis, WB, Mindf, Somat",MBSR (3),Waitlist (1),"Post-int, 3w, 6m",High,High,Some,High,Some,N,Y,NR,yes
Mrazek 2013,US,1,"Y, NR",1,6,3,1.universal,,1,yes,48,Undergraduate students (1),20.83 (2.05),71%,"Cog, Real func",Mindfulness class (1),Nutrition class (2),Post-int,Some,High,High,High,Some,Y,NR,N,no
Neece 2014,US,1,"Y, NR",1,22,5 (parents of children with dev. Issues),2.selective,,3,yes,130,Parents of children with developmental delay (2),36.42 (7.60),96%,"Dep, Dis, WB",MBSR (3),Waitlist (1),Post-int,Low,High,Some,High,Some,N,NR,NR,no
Norouzi 2020,Iran,4,"Y, 10",1,24,1,1.universal,,3,no,40,Retired athletes (1),34.05 (1.72),0%,"Anx, Dep, Dis, WB",MBSR (3),Active control condition (2),"Post-int, 1m",Some,Some,Low,High,Some,N,NR,NR,yes
Nyklicek 2008,Netherlands,3,"Y, 15",2,26,5 (symptoms of distress),3.indicated,,3,no,60,Adults with symptoms of distress (3),46 (9.89),67%,"Dis, WB",MBSR (3),Waitlist (1),Post-int,Some,High,High,High,Some,N,NR,NR,yes
ODonnell 2017,US,1,"Y, NR",1,21.5,5 (carers),2.selective,1,3,yes,29,Caregivers (2),71.32 (6.73),93%,"Dep, Dis, Mindf, Somat, Real func, Self",MBSR (3),Progressive Muscle Relaxation (3),"Post-int, 2m, 6m, 1y** (unclear if from PI or baseline)",Some,High,Some,High,Some,N,Y,NR,yes
Oken 2010,US,1,"Y, NR",1,10.5,5 (carers),2.selective,2,2,yes,31,Caregivers of relatives with dementia (2),64.55 (9.3),81%,"Cog, Dep, Dis, Mindf, Somat, Real func, Self",Mindfulness meditation (2),a) Respite care only (1) b) Dementia education class (3),Post-int,Some,High,High,High,Some,N,Y,N,no
Pan 2018,Taiwan,5,"Y, NR",1,31,5 (pregnant women),2.selective,2,2,no,104,Pregnant women (2),M =32.83 (3.83),100%,"Dep, Mindf, Self",Mindfulness-Based Childbirth and Parenting (MBCP) (2),Conventional childbirth education (3),"Post-int, FU at 36-week gestation",Low,High,Low,High,Some,N,Y,N,yes
Park 2016,South Korea,5,"Y, 15",1,16,1,1.universal,,3,no,60,Korean middle-aged women (1),54.29 (5.38),100%,"Dep, Dis, Somat",Korean MBSR (K-MBSR) (3),Waitlist (1),Post-int,Some,High,High,High,Some,N,N,N,yes
Perez-Blasco 2013,Spain,3,"Y, NR",2,16,5 (breasteeding mothers),2.selective,,2,no,26,Breastfeeding mothers (2),34.33 (4.72),100%,"Dis, WB, Mindf, Self",Mindfulness training (2),Waitlist (1),Post-int,Some,High,Some,High,Some,Y,Y,NR,no
Perez-Blasco 2016,Spain,3,"Y, NR",2,20,2,1.universal,,2,no,45,Older adults (1),63.56 (4.1),67%,"Anx, Dep, Dis, Real func",Mindfulness training (2),Waitlist (1),Post-int,Some,High,Low,High,Some,N,NR,NR,no
Phang 2015,Malaysia,5,"Y, 10",1,10,3,1.universal,,3,no,75,medical students (1),21.04 (1.13),76%,"Dis, Mindf, Self",Mindful-Gym (3),Waitlist (1),"Post-int, 6m",Low,High,Low,High,Some,Y,Y,NR,no
Pipe 2009,US,1,"Y, NR",1,10,4,2.selective,2,1,yes,33,Nurse leaders (2),49.7 (6.76),97%,"Dis, Self",Mindfulness meditation (1),Structured educational series (3),Change from baseline scores,Some,Some,Low,High,Some,Y,NR,NR,yes
Plummer 2018,US,1,"Y, 6",1,30,3,1.universal,,1,yes,105,Nursing students (1),23,93%,"Dis, Mindf",Mindfulness-Centred Stress Reduction (1),No intervention (1),"Post-int, 3m",Some,High,High,High,Some,N,NR,N,no
Pots 2014,Netherlands,3,"Y, 8 to 15",1,16.5,5 (sdepressive symptoms),3.indicated,,2,no,151,Adults with depressive symptoms (3),48 (11.29),78%,"Anx, Dis, WB, Mindf",MBCT (2),Waitlist (1),Post-int,Low,High,Low,High,Some,N,N,N,yes
Prakash 2015,US,1,"Y, 5 to 9",1,6,2,1.universal,,3,yes,74,Older adults (1),66.41 (3.97),58%,"Cog, Mindf",Mindfulness-Based Attention Training (MBAT) (3),Lifestyle education (2),Post-int,Some,Some,Low,High,Some,N,NR,N,no
Richards 2012,US,1,"Y, NR",2,10,3,1.universal,,2,yes,47,Undergraduates (1),20.79 (7.53),85%,"Mindf, Self",Brief mindfulness intervention and LKM exercises (2),Waitlist (1),Post-int,Some,High,High,High,Some,Y,Y,NR,no
Richards 2013,US,1,"Y, NR",2,10,3,1.universal,,1,yes,30,Undergraduates (1),20.72 (3.18),72%,"Mindf, Self",Brief mindfulness intervention (1),Waitlist (1),Post-int,Some,High,Some,High,Some,Y,Y,NR,no
Robins 2012,US,1,"Y, NR",1,24,1,1.universal,,3,yes,56,Adults (1),46.25 (12.97),84%,"Mindf, Real func, Self",MBSR (3),Waitlist (1),Post-int,Some,High,High,High,Some,N,Y,NR,no
Roeser 2013,US and Canada,1,"Y, NR",1,36,1,2.selective,,2,no,113,School teachers (2),46.9 (9.2),89%,"Cog, Dep, Mindf, Real func",Stress Management and Relaxation Techniques (SMART) in Education (2),Waitlist (1),"Post-int, 3m",Some,High,High,High,Some,N,Y,NR,no
Sampl 2017,Austria,3,"Y, 10 to 15",2,20,3,1.universal,,2,no,109,Undergraduates (1),22.28 (4.55),78%,"Anx, Dis, Mindf, Real func",Mindfulness-Based Self-Leadership Training (MBSLT) (2),Waitlist (1),1-3m Post-int,Some,High,High,High,Some,Y,NR,N,yes
Schellekens 2017,Netherlands,3,"Y, 9",1,26,5 (lung cancer patient and partners),2.selective,,3,no,44,Lung cancer patient partners (2),58.7 (7.9),53%,"Dis, Mindf, Self",MBSR (3),Waitlist (1),"Post-int, 3m",Low,High,Low,High,Low,Y,N,N,yes
Schroeder 2018,US,1,"Y, NR",2,17,4,2.selective,,2,yes,33,Primary care physicians (2),42.76 (8.43),73%,"Dis, Mindf, Real func",Mindful Medicine Curriculum (2),Waitlist (1),"Post-int, 3m",Some,High,High,High,Some,Y,NR,N,no
Sevinc 2018,US,1,"Y, <15",1,16,1,1.universal,1,3,yes,50,Adults (1),38.59 (9.62),56%,"Anx, Dis, Mindf, Self",MBSR (3),Relaxation response (3),Post-int,Low,Some,Low,High,Some,N,N,N,no
Shapiro 1998,US,1,?,2,17.5,3,1.universal,,3,yes,78,Medical students (1),NA,56%,"Anx, Dis",Stress Reduction and Relaxation Program (3),Waitlist (1),Post-int,Some,High,High,High,Some,Y,N,NR,no
Shapiro 2005,US,1,"Y, NR",1,16,4,2.selective,,3,yes,38,Healthcare professionals (2),18 - 65,NA,"Dis, WB, Real func, Self",MBSR (3),Waitlist (1),Post-int,Some,High,High,High,Some,Y,NR,NR,yes
Shapiro 2019,US,1,"Y, <20",1,10,3,1.universal,,3,yes,41,Medical students (1),24.4,78%,"Dep, Dis, Mindf",MBSR (3),Waitlist (1),Post-int,Some,High,High,High,Some,Y,NR,N,no
Shearer 2016,US,1,"Y, NR",2,4,3,1.universal,6,3,yes,74,Undergraduates (1),NA,57%,"Dep, Mindf",Mindfulness meditation (3),a) No intervention (1) b) ‘De-stress with dogs' (3),Post-int,Some,High,High,High,Some,N,NR,NR,no
Smart 2017,Canada,1,"Y, NR",2,16,2,1.universal,2,3,no,38,Healthy older adults (1),69.84 (3.46),53%,"Anx, Cog, Self",Wisdom Mind (3),Memory and Aging Program (3),Post-int,Some,High,High,High,Some,N,NR,N,no
Steinberg 2016,US,1,"Y, NR",1,9,4,2.selective,,3,yes,32,Intensive Care Unit Personnel (2),39.8 (11.3),88%,"Dis, Mindf, Real func",Mindfulness in Motion (3),Waitlist (1),Post-int,Some,High,Low,High,Some,Y,Y,N,no
Strub 2013,Luxembourg,3,"Y, NR",1,16,1,1.universal,,2,no,20,Employees (1),NA,40%,"Dep, Dis, Real func",MBCT (2),No intervention (1),Post-int,Some,High,Low,High,Some,Y,NR,NR,yes
Thomas 2016,United Arab Emirates,4,"Y, NR",1,8.5,3,1.universal,,3,no,24,Emirati psychology college students (1),21.23 (2.26),76%,Dep,MBSR (3),Waitlist (1),Post-int,Some,High,Some,High,Some,N,Y,NR,no
VanBerkel 2014,Netherlands,3,"Y, 4 to 17",1,12,1,1.universal,,2,no,257,Employees (1),45.55 (9.54),87%,"Mindf, Real func",Mindful Vitality in Practice (2),No intervention (1),"Post-int, 6m",Some,High,Some,High,Some,Y,NR,N,no
VanDam 2014,US,1,"Y, NR",1,22,5 (periclinical distress/MH symptoms),3.indicated,,3,yes,56,"Adults experiencing peri-clinical levels (i.e., levels just below, at, or above a clinically relevant threshold) of anxiety, depression and stress (3)",40.12 (14.39),61%,"Anx, Dep, Dis, Mindf, Self",Mindfulness meditation (3),Waitlist (1),1m,Some,High,High,High,Some,N,N,NR,yes
Verweij 2018,Netherlands,3,"Y, 8 to 16",1,26,4,2.selective,,3,no,148,Medical doctors (2),31.2 (4.6),88%,"WB, Mindf, Real func, Self",MBSR (3),Waitlist (1),Post-int,Some,High,Low,High,Some,N,N,Y,no
Vieten 2008,US,1,"Y, 12 to 20",1,16,5 (pregnant women with mood concerns),3.indicated,,2,yes,34,Pregnant women with mood concerns (3),33.9 (3.8),100%,"Dep, Dis, Mindf",Mindful Motherhood (2),Waitlist (1),"Post-int, 1m",Some,High,Low,High,Some,Y,N,NR,yes
Vinesett 2017,US,1,"Y, NR",2,20,1,1.universal,6,3,yes,21,Community adults (1),47.86 (8.1),100%,"Dep, Dis, WB, Real func",MBSR (3),Ngoma (3),"Post-int, 1m",Some,Some,High,High,Some,Y,NR,N,no
Wang 2012,China,5,"Y, 15",2,15,3,1.universal,,2,no,31,University students (1),17 - 25,71%,Cog,Mindfulness (2),Waitlist (1),Post-int,Some,High,Low,High,Some,N,NR,NR,no
Whitebird 2013,US,1,"Y, 7 to 8",1,25,5 (carers),2.selective,2,3,yes,78,Carers (2),56.8 (9.9),89%,"Dep, Dis, Real func",MBSR (3),Standard community caregiver education and social support (3),"Post-int, 4m",Some,High,Low,High,Some,N,N,NR,yes
Williams 2001,US,1,"Y, 10 to 17",2,28,5 (stressed out adult),3.indicated,,3,yes,138,Stressed-out adults (3),42.9 (2.2),72%,Dis,MBSR (3),Educational materials (1),"Post-int, 3m",Some,High,High,High,Some,Y,NR,NR,yes
Wilson 2012,US,1,?,1,8,1,1.universal,,5,yes,96,Working adults (1),23 - 64,66%,"Dis, WB, Mindf, Somat, Real func",(a) MBAP merged with (b) Low dose MBSR (MBSR-ld) (5),No intervention (1),"Post-int, 1m",Some,High,High,High,Some,Y,NR,NR,no
Wong 2018,China (HK),5,"Y, 11 to 21",1,20,5 (peri- and post- menopausal women),2.selective,2,3,no,197,Peri- or post-menopausal women (2),52 (3.09),100%,"Dis, Mindf, Somat",MBSR (3),Menopause Education Control (MEC) (3),"Post-int, 3m, 6m",Low,Some,Some,High,Some,N,Y,N,yes
Woolhouse 2014,Australia,6,"Y, NR",1,12,5 (pregnant women),2.selective,,2,no,32,Pregnant women (2),32.89 (0.63),100%,"Anx, Dep, Dis, Mindf",MindBabyBody Programme (2),Care as usual (1),Post-int,Low,High,Some,High,Some,Y,NR,N,yes
Xu 2015,China,5,"Y, NR",1,30,1 and 3,1.universal,,2,no,90,Adults (1),31 (8),56%,"Dis, Mindf",Mindfulness training (2),Waitlist (1),Post-int,Some,High,High,High,Some,N,NR,NR,no
Yazdanimehr 2016,Iran,4,"Y, 20",2,12,5 (pregnant women),2.selective,,2,no,80,Pregnant women (2),26.38 (5.16),100%,"Anx, Dep, Dis",MiCBT (2),Usual prenatal care services (1),"Post-int, 1m",Some,High,High,High,Some,N,Y,N,no
Zhang 2018,China,5,"Y, 3 to 6",2,12,5 (pregnant women),2.selective,,3,no,66,Pregnant women (2),25.64 (2.55),100%,"Anx, Dep",MBSR (3),Prenatal care knowledge as usual (1),Post-int,Some,High,High,High,Some,Y,NR,N,no
vanDijk 2017,Netherlands,3,?,1,16,3,1.universal,,3,no,167,Medical undergraduates (1),23.49 (1.84),79%,"Dis, WB, Mindf, Real func",MBSR (3),Clerkships as usual (1),"Post-int, 4m, 9m, 12, 17m",Low,Some,Low,High,Some,Y,Y,N,no
